id_sessao,id_pessoa,cenario,id_bloco,frame,t,ear,mar,yaw,pitch,rotulo
20261001_225058,eu,quarto,1,0,0.165,0.2317,0.4841,3.4266,0.9919,0
20261001_225058,eu,quarto,1,1,0.185,0.2418,0.4755,4.4222,0.2668,0
20261001_225058,eu,quarto,1,2,0.203,0.2310,0.4763,3.7198,0.5045,0
20261001_225058,eu,quarto,1,3,0.222,0.2166,0.4837,2.8254,0.7184,0
20261001_225058,eu,quarto,1,4,0.285,0.2229,0.5004,1.5800,0.9427,0
20261001_225058,eu,quarto,1,5,0.304,0.2299,0.4925,2.9958,1.1193,0
20261001_225058,eu,quarto,1,6,0.350,0.2420,0.5081,4.4099,0.9616,0
20261001_225058,eu,quarto,1,7,0.369,0.2271,0.4997,3.1867,0.6941,0
20261001_225058,eu,quarto,1,8,0.413,0.2400,0.4845,3.8014,1.3876,0
20261001_225058,eu,quarto,1,9,0.432,0.2402,0.4848,3.7114,1.0440,0
20261001_225058,eu,quarto,1,10,0.461,0.2354,0.5084,2.4172,1.1560,0
20261001_225058,eu,quarto,1,11,0.480,0.2424,0.5084,-0.1372,1.0473,0
20261001_225058,eu,quarto,1,12,0.526,0.2506,0.4929,2.2756,1.1346,0
20261001_225058,eu,quarto,1,13,0.590,0.2438,0.4689,3.4871,0.1339,0
20261001_225058,eu,quarto,1,14,0.608,0.2416,0.4536,3.7870,0.2160,0
20261001_225058,eu,quarto,1,15,0.654,0.2454,0.4463,1.5843,0.9488,0
20261001_225058,eu,quarto,1,16,0.672,0.2397,0.4460,2.2708,1.5197,0
20261001_225058,eu,quarto,1,17,0.700,0.2346,0.5160,7.1690,3.6690,0
20261001_225058,eu,quarto,1,18,0.719,0.2497,0.5157,5.0850,3.2100,0
20261001_225058,eu,quarto,1,19,0.764,0.2503,0.5819,5.5196,4.1755,0
20261001_225058,eu,quarto,1,20,0.829,0.2268,0.4915,-0.1405,3.1432,0
20261001_225058,eu,quarto,1,21,0.847,0.1883,0.4983,4.7617,2.5442,0
20261001_225058,eu,quarto,1,22,0.894,0.2011,0.5075,6.0781,0.7738,0
20261001_225058,eu,quarto,1,23,0.913,0.2063,0.5061,1.8085,1.1391,0
20261001_225058,eu,quarto,1,24,0.941,0.2207,0.5492,3.7391,3.0420,0
20261001_225058,eu,quarto,1,25,0.960,0.2456,0.5513,1.3218,2.6981,0
20261001_225058,eu,quarto,1,26,1.007,0.2006,0.5998,3.4367,6.1865,0
20261001_225058,eu,quarto,1,27,1.026,0.1867,0.5805,1.3646,5.3944,0
20261001_225058,eu,quarto,1,28,1.070,0.2101,0.5449,4.1085,4.3264,0
20261001_225058,eu,quarto,1,29,1.133,0.1801,0.5671,3.7288,3.0516,0
20261001_225058,eu,quarto,1,30,1.152,0.1911,0.5654,3.1686,2.2561,0
20261001_225058,eu,quarto,1,31,1.198,0.1868,0.4558,2.9367,3.5872,0
20261001_225058,eu,quarto,1,32,1.216,0.1946,0.4346,3.8869,2.7694,0
20261001_225058,eu,quarto,1,33,1.245,0.2219,0.3763,2.2703,3.8605,0
20261001_225058,eu,quarto,1,34,1.264,0.2296,0.3761,4.0798,2.8911,0
20261001_225058,eu,quarto,1,35,1.310,0.2261,0.4387,3.4914,2.9197,0
20261001_225058,eu,quarto,1,36,1.329,0.2337,0.4322,3.3911,2.9699,0
20261001_225058,eu,quarto,1,37,1.373,0.2086,0.5306,6.7928,6.5929,0
20261001_225058,eu,quarto,1,38,1.392,0.1747,0.5235,3.4422,6.2464,0
20261001_225058,eu,quarto,1,39,1.437,0.2072,0.5237,8.0155,6.3201,0
20261001_225058,eu,quarto,1,40,1.485,0.1854,0.4117,4.0693,4.9016,0
20261001_225058,eu,quarto,1,41,1.504,0.1724,0.4327,5.9946,4.4977,0
20261001_225058,eu,quarto,1,42,1.549,0.2071,0.4311,6.5433,4.3467,0
20261001_225058,eu,quarto,1,43,1.568,0.2038,0.4318,5.9623,5.2436,0
20261001_225058,eu,quarto,1,44,1.613,0.1986,0.4460,5.4881,5.3471,0
20261001_225058,eu,quarto,1,45,1.631,0.2283,0.4396,4.9377,5.4025,0
20261001_225058,eu,quarto,1,46,1.677,0.2056,0.4913,8.0458,5.3107,0
20261001_225058,eu,quarto,1,47,1.696,0.2141,0.4841,5.3910,4.6640,0
20261001_225058,eu,quarto,1,48,1.725,0.2176,0.5472,6.2943,5.8248,0
20261001_225058,eu,quarto,1,49,1.744,0.2122,0.5705,6.9718,6.0278,0
20261001_225058,eu,quarto,1,50,1.789,0.2459,0.5158,8.3804,4.9170,0
20261001_225058,eu,quarto,1,51,1.853,0.2405,0.4568,7.5049,2.2745,0
20261001_225058,eu,quarto,1,52,1.872,0.2307,0.4645,6.4805,3.1202,0
20261001_225058,eu,quarto,1,53,1.917,0.2256,0.4074,3.2704,2.1501,0
20261001_225058,eu,quarto,1,54,1.936,0.2453,0.4004,6.5898,2.2020,0
20261001_225058,eu,quarto,1,55,1.965,0.2208,0.3935,5.2482,2.9590,0
20261001_225058,eu,quarto,1,56,1.983,0.2310,0.4185,5.1287,2.4790,0
20261001_225058,eu,quarto,1,57,2.029,0.1961,0.4103,6.5484,4.4279,0
20261001_225058,eu,quarto,1,58,2.093,0.1661,0.3871,5.4617,3.4892,0
20261001_225058,eu,quarto,1,59,2.111,0.1921,0.3963,4.1220,3.8233,0
20261001_225058,eu,quarto,1,60,2.157,0.2092,0.4100,3.3502,2.5376,0
20261001_225058,eu,quarto,1,61,2.176,0.2263,0.4314,5.8316,2.9958,0
20261001_225058,eu,quarto,1,62,2.206,0.2421,0.4109,4.0083,1.4257,0
20261001_225058,eu,quarto,1,63,2.225,0.2337,0.4243,6.8725,1.5129,0
20261001_225058,eu,quarto,1,64,2.269,0.2371,0.4544,8.0913,2.2915,0
20261001_225058,eu,quarto,1,65,2.333,0.2576,0.5223,7.5291,5.1672,0
20261001_225058,eu,quarto,1,66,2.352,0.2472,0.5471,8.9439,3.5747,0
20261001_225058,eu,quarto,1,67,2.397,0.2472,0.5813,9.1830,3.3904,0
20261001_225058,eu,quarto,1,68,2.416,0.2324,0.5720,10.1887,4.1694,0
20261001_225058,eu,quarto,1,69,2.445,0.2415,0.6087,9.9073,4.3147,0
20261001_225058,eu,quarto,1,70,2.464,0.2222,0.5681,8.4701,4.7571,0
20261001_225058,eu,quarto,1,71,2.509,0.2350,0.5143,7.5935,3.0577,0
20261001_225058,eu,quarto,1,72,2.528,0.2381,0.5215,8.1261,3.2688,0
20261001_225058,eu,quarto,1,73,2.573,0.2050,0.4777,5.3323,4.3825,0
20261001_225058,eu,quarto,1,74,2.592,0.2129,0.4920,6.5656,3.6142,0
20261001_225058,eu,quarto,1,75,2.637,0.1916,0.3574,3.8564,2.2147,0
20261001_225058,eu,quarto,1,76,2.701,0.1542,0.3080,6.1270,2.4323,0
20261001_225058,eu,quarto,1,77,2.720,0.1925,0.2856,4.1824,0.1185,0
20261001_225058,eu,quarto,1,78,2.750,0.1838,0.2854,4.0921,1.8210,0
20261001_225058,eu,quarto,1,79,2.768,0.1904,0.2854,4.0921,1.8210,0
20261001_225058,eu,quarto,1,80,2.813,0.2233,0.3872,6.6765,1.5953,0
20261001_225058,eu,quarto,1,81,2.832,0.2421,0.3791,5.7811,1.1726,0
20261001_225058,eu,quarto,1,82,2.877,0.2334,0.3950,5.0941,1.0199,0
20261001_225058,eu,quarto,1,83,2.896,0.2426,0.4100,7.5242,1.2836,0
20261001_225058,eu,quarto,1,84,2.940,0.2420,0.4011,3.4935,0.1350,0
20261001_225058,eu,quarto,1,85,2.958,0.2309,0.4008,5.6602,0.9050,0
20261001_225058,eu,quarto,1,86,2.989,0.2375,0.4104,3.7343,1.7223,0
20261001_225058,eu,quarto,1,87,3.008,0.2245,0.4173,2.1810,1.9346,0
20261001_225058,eu,quarto,2,0,0.218,0.2390,0.5980,8.8722,2.6224,0
20261001_225058,eu,quarto,2,1,0.236,0.2389,0.5392,8.8013,3.4816,0
20261001_225058,eu,quarto,2,2,0.255,0.2175,0.4761,6.6517,3.1696,0
20261001_225058,eu,quarto,2,3,0.273,0.2246,0.4763,8.2904,3.2481,0
20261001_225058,eu,quarto,2,4,0.292,0.2297,0.4763,7.8466,2.3154,0
20261001_225058,eu,quarto,2,5,0.350,0.2470,0.5300,5.4381,4.0867,0
20261001_225058,eu,quarto,2,6,0.368,0.2356,0.5303,7.8009,4.2105,0
20261001_225058,eu,quarto,2,7,0.414,0.2290,0.5145,6.1297,4.4106,0
20261001_225058,eu,quarto,2,8,0.433,0.2313,0.5227,8.2440,3.8697,0
20261001_225058,eu,quarto,2,9,0.461,0.2192,0.4475,7.1403,3.9436,0
20261001_225058,eu,quarto,2,10,0.480,0.2221,0.4544,10.0952,3.6333,0
20261001_225058,eu,quarto,2,11,0.527,0.2290,0.5483,7.9802,3.4427,0
20261001_225058,eu,quarto,2,12,0.590,0.2405,0.5468,6.4091,4.3958,0
20261001_225058,eu,quarto,2,13,0.609,0.2247,0.5305,6.4022,4.1602,0
20261001_225058,eu,quarto,2,14,0.654,0.2241,0.4552,7.2483,3.4120,0
20261001_225058,eu,quarto,2,15,0.674,0.2308,0.4560,7.6641,1.3646,0
20261001_225058,eu,quarto,2,16,0.701,0.2155,0.4179,6.5662,-1.0511,0
20261001_225058,eu,quarto,2,17,0.720,0.2263,0.4185,7.4552,-0.0695,0
20261001_225058,eu,quarto,2,18,0.765,0.2350,0.4779,7.6025,0.0076,0
20261001_225058,eu,quarto,2,19,0.784,0.2308,0.4772,6.4305,0.1978,0
20261001_225058,eu,quarto,2,20,0.829,0.2291,0.4865,6.4405,1.0576,0
20261001_225058,eu,quarto,2,21,0.894,0.2332,0.5068,8.0773,3.2386,0
20261001_225058,eu,quarto,2,22,0.912,0.2419,0.5009,3.8678,3.2133,0
20261001_225058,eu,quarto,2,23,0.941,0.2438,0.5722,7.9878,4.5268,0
20261001_225058,eu,quarto,2,24,0.960,0.2295,0.5388,7.2661,4.8847,0
20261001_225058,eu,quarto,2,25,1.005,0.2227,0.5438,7.7136,4.9477,0
20261001_225058,eu,quarto,2,26,1.024,0.2201,0.5230,5.5084,4.0790,0
20261001_225058,eu,quarto,2,27,1.070,0.2099,0.5139,7.4145,3.6526,0
20261001_225058,eu,quarto,2,28,1.089,0.2381,0.4992,5.4943,1.0999,0
20261001_225058,eu,quarto,2,29,1.133,0.2052,0.4653,3.9782,-1.4337,0
20261001_225058,eu,quarto,2,30,1.153,0.2248,0.4664,3.8547,-1.7238,0
20261001_225058,eu,quarto,2,31,1.197,0.2281,0.4871,8.0056,-2.4650,0
20261001_225058,eu,quarto,2,32,1.216,0.2060,0.4875,7.0452,-1.3040,0
20261001_225058,eu,quarto,2,33,1.245,0.2225,0.4492,4.5724,-3.7149,0
20261001_225058,eu,quarto,2,34,1.310,0.2160,0.4369,4.2134,-4.2896,0
20261001_225058,eu,quarto,2,35,1.328,0.2132,0.4236,6.5712,-4.4143,0
20261001_225058,eu,quarto,2,36,1.373,0.2004,0.4255,4.7868,-5.1153,0
20261001_225058,eu,quarto,2,37,1.392,0.2133,0.4143,3.2774,-5.0918,0
20261001_225058,eu,quarto,2,38,1.437,0.2018,0.4173,5.2709,-3.0496,0
20261001_225058,eu,quarto,2,39,1.455,0.1989,0.4235,5.1821,-3.1151,0
20261001_225058,eu,quarto,2,40,1.485,0.2252,0.4036,4.2826,-2.8840,0
20261001_225058,eu,quarto,2,41,1.503,0.2241,0.3864,5.6623,-2.7509,0
20261001_225058,eu,quarto,2,42,1.549,0.2376,0.4276,5.8935,1.2491,0
20261001_225058,eu,quarto,2,43,1.614,0.2364,0.4329,6.9519,0.7763,0
20261001_225058,eu,quarto,2,44,1.633,0.2366,0.4388,9.4448,1.1637,0
20261001_225058,eu,quarto,2,45,1.677,0.2250,0.4337,7.6754,1.6932,0
20261001_225058,eu,quarto,2,46,1.695,0.2228,0.4337,7.6754,1.6932,0
20261001_225058,eu,quarto,2,47,1.726,0.1985,0.4430,6.6489,0.3939,0
20261001_225058,eu,quarto,2,48,1.744,0.2102,0.4435,5.7004,-0.4082,0
20261001_225058,eu,quarto,2,49,1.789,0.1837,0.4686,3.3034,-2.6272,0
20261001_225058,eu,quarto,2,50,1.854,0.1660,0.4522,3.5795,-4.3479,0
20261001_225058,eu,quarto,2,51,1.873,0.1843,0.4467,4.4401,-4.7159,0
20261001_225058,eu,quarto,2,52,1.917,0.2074,0.4101,3.3665,-8.1129,0
20261001_225058,eu,quarto,2,53,1.935,0.1738,0.4074,3.5760,-7.6345,0
20261001_225058,eu,quarto,2,54,1.965,0.2016,0.4252,3.7543,-6.7775,0
20261001_225058,eu,quarto,2,55,1.984,0.1827,0.4446,2.5898,-6.8774,0
20261001_225058,eu,quarto,2,56,2.029,0.1901,0.4009,2.4975,-9.3164,0
20261001_225058,eu,quarto,2,57,2.093,0.1953,0.4184,4.2152,-9.2927,0
20261001_225058,eu,quarto,2,58,2.112,0.1973,0.4037,3.1037,-10.0682,0
20261001_225058,eu,quarto,2,59,2.157,0.1746,0.3756,3.9913,-9.7196,0
20261001_225058,eu,quarto,2,60,2.176,0.1952,0.4028,4.7144,-10.0972,0
20261001_225058,eu,quarto,2,61,2.205,0.1853,0.3998,3.7536,-9.6810,0
20261001_225058,eu,quarto,2,62,2.224,0.1850,0.3957,2.9765,-10.7455,0
20261001_225058,eu,quarto,2,63,2.269,0.2159,0.3816,3.8055,-10.7560,0
20261001_225058,eu,quarto,2,64,2.288,0.2000,0.3856,3.0371,-11.0173,0
20261001_225058,eu,quarto,2,65,2.333,0.2038,0.3860,2.8698,-10.2175,0
20261001_225058,eu,quarto,2,66,2.352,0.2063,0.3845,4.0752,-10.8904,0
20261001_225058,eu,quarto,2,67,2.398,0.2040,0.3993,3.5570,-11.3937,0
20261001_225058,eu,quarto,2,68,2.417,0.2245,0.3992,3.5642,-10.1395,0
20261001_225058,eu,quarto,2,69,2.445,0.1824,0.4456,2.7677,-8.1741,0
20261001_225058,eu,quarto,2,70,2.510,0.1960,0.4895,4.1934,-4.0238,0
20261001_225058,eu,quarto,2,71,2.529,0.2021,0.4612,5.2299,-2.9914,0
20261001_225058,eu,quarto,2,72,2.573,0.2098,0.4691,4.9191,-3.2050,0
20261001_225058,eu,quarto,2,73,2.592,0.2103,0.4700,3.5527,-1.8406,0
20261001_225058,eu,quarto,2,74,2.637,0.2126,0.4362,8.1216,-0.7046,0
20261001_225058,eu,quarto,2,75,2.656,0.2161,0.4333,8.1547,-0.3675,0
20261001_225058,eu,quarto,2,76,2.685,0.2150,0.5061,5.4382,2.2321,0
20261001_225058,eu,quarto,2,77,2.704,0.1819,0.4917,5.2771,2.8902,0
20261001_225058,eu,quarto,2,78,2.749,0.1938,0.5204,5.1499,3.9962,0
20261001_225058,eu,quarto,2,79,2.768,0.1923,0.5349,6.1299,4.4729,0
20261001_225058,eu,quarto,2,80,2.813,0.1688,0.4687,8.1941,4.3253,0
20261001_225058,eu,quarto,2,81,2.877,0.2040,0.4409,7.0291,2.0704,0
20261001_225058,eu,quarto,2,82,2.896,0.2138,0.4548,9.8109,2.3001,0
20261001_225058,eu,quarto,2,83,2.941,0.2355,0.5212,13.4315,3.8896,0
20261001_225058,eu,quarto,2,84,2.960,0.2178,0.5125,13.2653,3.7303,0
20261001_225058,eu,quarto,2,85,2.989,0.2373,0.5454,19.3231,2.7318,0
20261001_225058,eu,quarto,2,86,3.008,0.2561,0.5278,17.9800,2.7374,0
20261001_225058,eu,quarto,3,0,0.219,0.2042,0.5610,21.0846,1.6604,0
20261001_225058,eu,quarto,3,1,0.237,0.2042,0.5635,23.7784,-1.4421,0
20261001_225058,eu,quarto,3,2,0.256,0.1970,0.5856,22.0011,0.7804,0
20261001_225058,eu,quarto,3,3,0.275,0.1976,0.5706,23.3864,0.4896,0
20261001_225058,eu,quarto,3,4,0.294,0.2210,0.5690,24.1021,0.1161,0
20261001_225058,eu,quarto,3,5,0.349,0.2014,0.4528,17.7048,0.1954,0
20261001_225058,eu,quarto,3,6,0.367,0.2019,0.4455,18.4574,0.0318,0
20261001_225058,eu,quarto,3,7,0.413,0.2593,0.4179,11.9779,-0.9626,0
20261001_225058,eu,quarto,3,8,0.432,0.2417,0.4132,14.1520,-0.0430,0
20261001_225058,eu,quarto,3,9,0.461,0.2456,0.4126,5.0168,-0.8568,0
20261001_225058,eu,quarto,3,10,0.479,0.2498,0.4138,5.9623,-0.8794,0
20261001_225058,eu,quarto,3,11,0.525,0.2112,0.4188,-1.2762,-0.6572,0
20261001_225058,eu,quarto,3,12,0.544,0.2135,0.4269,-0.3725,-1.1515,0
20261001_225058,eu,quarto,3,13,0.590,0.2088,0.5224,-1.4895,1.9392,0
20261001_225058,eu,quarto,3,14,0.608,0.2260,0.5070,-0.1848,2.1761,0
20261001_225058,eu,quarto,3,15,0.652,0.2457,0.5383,-2.9450,1.5175,0
20261001_225058,eu,quarto,3,16,0.701,0.2087,0.5371,-1.0704,2.0347,0
20261001_225058,eu,quarto,3,17,0.720,0.2252,0.5230,-2.0053,2.5106,0
20261001_225058,eu,quarto,3,18,0.765,0.2257,0.5070,-0.2491,2.7588,0
20261001_225058,eu,quarto,3,19,0.784,0.2364,0.5069,-0.9210,2.8584,0
20261001_225058,eu,quarto,3,20,0.829,0.2341,0.5290,-6.5210,3.0594,0
20261001_225058,eu,quarto,3,21,0.848,0.2247,0.5301,-3.5386,2.6707,0
20261001_225058,eu,quarto,3,22,0.893,0.2838,0.5229,-11.9765,3.6459,0
20261001_225058,eu,quarto,3,23,0.912,0.2670,0.5143,-11.7255,3.1089,0
20261001_225058,eu,quarto,3,24,0.941,0.2698,0.5317,-12.9072,1.1661,0
20261001_225058,eu,quarto,3,25,0.960,0.2597,0.5236,-15.0365,0.7760,0
20261001_225058,eu,quarto,3,26,1.005,0.2380,0.5478,-18.5571,0.1936,0
20261001_225058,eu,quarto,3,27,1.069,0.2418,0.5428,-21.4374,0.9742,0
20261001_225058,eu,quarto,3,28,1.088,0.2433,0.5486,-21.7666,0.9139,0
20261001_225058,eu,quarto,3,29,1.133,0.2509,0.5403,-19.6337,0.6998,0
20261001_225058,eu,quarto,3,30,1.152,0.2481,0.5305,-20.0193,1.0314,0
20261001_225058,eu,quarto,3,31,1.181,0.2544,0.5410,-16.3209,0.7767,0
20261001_225058,eu,quarto,3,32,1.200,0.2442,0.5243,-16.5770,-0.7162,0
20261001_225058,eu,quarto,3,33,1.246,0.2525,0.5014,-15.7862,2.1187,0
20261001_225058,eu,quarto,3,34,1.265,0.2605,0.5150,-12.7714,1.5041,0
20261001_225058,eu,quarto,3,35,1.309,0.2553,0.5075,-9.4660,1.2779,0
20261001_225058,eu,quarto,3,36,1.373,0.1991,0.5153,-3.9621,2.4597,0
20261001_225058,eu,quarto,3,37,1.392,0.2109,0.5151,-4.9794,1.9878,0
20261001_225058,eu,quarto,3,38,1.437,0.2088,0.4913,-0.0231,3.0091,0
20261001_225058,eu,quarto,3,39,1.456,0.2157,0.5000,-3.1242,1.3858,0
20261001_225058,eu,quarto,3,40,1.484,0.2119,0.4923,2.2549,0.1438,0
20261001_225058,eu,quarto,3,41,1.503,0.2202,0.4988,3.0011,0.6480,0
20261001_225058,eu,quarto,3,42,1.548,0.1722,0.5142,0.7759,-2.4111,0
20261001_225058,eu,quarto,3,43,1.613,0.1945,0.4647,1.9351,-4.1558,0
20261001_225058,eu,quarto,3,44,1.632,0.1716,0.4815,-0.1143,-3.4336,0
20261001_225058,eu,quarto,3,45,1.676,0.1965,0.4763,1.2773,-1.9093,0
20261001_225058,eu,quarto,3,46,1.695,0.1920,0.4819,1.3814,-3.3226,0
20261001_225058,eu,quarto,3,47,1.725,0.1911,0.4475,0.2507,-4.4449,0
20261001_225058,eu,quarto,3,48,1.743,0.1892,0.4522,-0.2754,-4.4591,0
20261001_225058,eu,quarto,3,49,1.789,0.1709,0.3918,0.2328,-5.9019,0
20261001_225058,eu,quarto,3,50,1.807,0.1647,0.4077,0.5246,-6.3234,0
20261001_225058,eu,quarto,3,51,1.853,0.1765,0.4232,-0.2214,-5.4199,0
20261001_225058,eu,quarto,3,52,1.916,0.1504,0.4063,1.7067,-5.8644,0
20261001_225058,eu,quarto,3,53,1.934,0.1562,0.4121,1.7368,-6.3127,0
20261001_225058,eu,quarto,3,54,1.964,0.2116,0.4517,8.4366,-2.9976,0
20261001_225058,eu,quarto,3,55,1.982,0.2138,0.4513,5.5080,-4.5104,0
20261001_225058,eu,quarto,3,56,2.029,0.2714,0.4809,13.0493,-2.8700,0
20261001_225058,eu,quarto,3,57,2.047,0.2697,0.4684,12.6937,-2.9851,0
20261001_225058,eu,quarto,3,58,2.092,0.2797,0.4262,11.7656,-4.6338,0
20261001_225058,eu,quarto,3,59,2.111,0.2620,0.4327,11.4676,-4.9593,0
20261001_225058,eu,quarto,3,60,2.157,0.2418,0.4264,7.0783,-5.5472,0
20261001_225058,eu,quarto,3,61,2.175,0.2139,0.4442,8.5202,-5.8425,0
20261001_225058,eu,quarto,3,62,2.204,0.1757,0.4540,2.2420,-4.8320,0
20261001_225058,eu,quarto,3,63,2.269,0.1748,0.4522,-1.9781,-5.1205,0
20261001_225058,eu,quarto,3,64,2.288,0.1862,0.4577,-1.8635,-4.5118,0
20261001_225058,eu,quarto,3,65,2.332,0.2336,0.4752,-2.8128,-3.4633,0
20261001_225058,eu,quarto,3,66,2.350,0.2216,0.4572,-4.6053,-3.0888,0
20261001_225058,eu,quarto,3,67,2.396,0.2417,0.4866,-7.5239,-2.0344,0
20261001_225058,eu,quarto,3,68,2.414,0.2238,0.4951,-8.4619,-1.2482,0
20261001_225058,eu,quarto,3,69,2.444,0.2378,0.4697,-9.5734,-3.5180,0
20261001_225058,eu,quarto,3,70,2.462,0.2335,0.4885,-10.2392,-3.6735,0
20261001_225058,eu,quarto,3,71,2.509,0.2128,0.4817,-11.6325,-3.7812,0
20261001_225058,eu,quarto,3,72,2.573,0.2330,0.4621,-11.5718,-4.1533,0
20261001_225058,eu,quarto,3,73,2.591,0.2288,0.4752,-12.8858,-4.0620,0
20261001_225058,eu,quarto,3,74,2.637,0.2626,0.4806,-12.6750,-3.2287,0
20261001_225058,eu,quarto,3,75,2.656,0.2363,0.5006,-12.5428,-3.5075,0
20261001_225058,eu,quarto,3,76,2.684,0.2287,0.4821,-8.5004,-4.6218,0
20261001_225058,eu,quarto,3,77,2.702,0.2312,0.4838,-7.6379,-2.9596,0
20261001_225058,eu,quarto,3,78,2.749,0.1953,0.4681,0.5213,-7.7108,0
20261001_225058,eu,quarto,3,79,2.813,0.1753,0.4742,4.6474,-3.3561,0
20261001_225058,eu,quarto,3,80,2.831,0.1951,0.4418,6.8627,-1.8815,0
20261001_225058,eu,quarto,3,81,2.877,0.2609,0.4578,19.0574,-2.0497,0
20261001_225058,eu,quarto,3,82,2.895,0.2429,0.4706,19.3667,-2.6682,0
20261001_225058,eu,quarto,3,83,2.941,0.1858,0.4896,21.9985,-2.0825,0
20261001_225058,eu,quarto,3,84,2.959,0.2045,0.4823,23.2046,-1.4890,0
20261001_225058,eu,quarto,3,85,2.989,0.2159,0.5048,25.1426,-0.4412,0
20261001_225058,eu,quarto,3,86,3.007,0.2118,0.4896,25.2639,-1.9807,0
20261001_225058,eu,quarto,4,0,0.219,0.1895,0.4751,23.3790,-0.6343,0
20261001_225058,eu,quarto,4,1,0.238,0.1882,0.4974,23.1768,0.0698,0
20261001_225058,eu,quarto,4,2,0.257,0.1992,0.4975,23.4954,-0.4734,0
20261001_225058,eu,quarto,4,3,0.276,0.1947,0.4900,22.7414,0.3069,0
20261001_225058,eu,quarto,4,4,0.295,0.2032,0.5121,21.3052,-1.0229,0
20261001_225058,eu,quarto,4,5,0.314,0.2046,0.4835,22.1759,0.4424,0
20261001_225058,eu,quarto,4,6,0.350,0.2145,0.4914,20.6444,-0.3560,0
20261001_225058,eu,quarto,4,7,0.369,0.2424,0.5188,24.2294,-2.6634,0
20261001_225058,eu,quarto,4,8,0.413,0.2404,0.4903,20.2926,-1.4158,0
20261001_225058,eu,quarto,4,9,0.461,0.2557,0.5116,23.6263,-1.6430,0
20261001_225058,eu,quarto,4,10,0.480,0.2330,0.4771,19.4604,-1.0421,0
20261001_225058,eu,quarto,4,11,0.527,0.2172,0.4985,24.4168,-1.3851,0
20261001_225058,eu,quarto,4,12,0.547,0.2176,0.4900,24.4502,-1.6790,0
20261001_225058,eu,quarto,4,13,0.592,0.2185,0.5049,25.2599,-2.0100,0
20261001_225058,eu,quarto,4,14,0.612,0.1914,0.4895,23.3922,-1.9139,0
20261001_225058,eu,quarto,4,15,0.655,0.2191,0.4910,22.4417,-2.8326,0
20261001_225058,eu,quarto,4,16,0.674,0.2183,0.4982,22.2684,-2.3502,0
20261001_225058,eu,quarto,4,17,0.702,0.2359,0.4742,17.7404,-5.4508,0
20261001_225058,eu,quarto,4,18,0.721,0.2388,0.4736,20.0082,-5.7832,0
20261001_225058,eu,quarto,4,19,0.767,0.2262,0.4110,9.8351,-6.0649,0
20261001_225058,eu,quarto,4,20,0.830,0.1551,0.4000,4.7044,-9.2432,0
20261001_225058,eu,quarto,4,21,0.849,0.1793,0.3845,2.7080,-10.4042,0
20261001_225058,eu,quarto,4,22,0.895,0.1585,0.5463,1.8147,0.0559,0
20261001_225058,eu,quarto,4,23,0.914,0.1470,0.5655,-0.8833,-0.3649,0
20261001_225058,eu,quarto,4,24,0.942,0.1748,0.5993,1.2098,2.2454,0
20261001_225058,eu,quarto,4,25,0.961,0.1619,0.6000,-0.1868,1.9175,0
20261001_225058,eu,quarto,4,26,1.006,0.1935,0.4839,2.5362,0.9018,0
20261001_225058,eu,quarto,4,27,1.070,0.1653,0.4211,2.5097,0.1879,0
20261001_225058,eu,quarto,4,28,1.089,0.1934,0.4222,4.1485,-1.0355,0
20261001_225058,eu,quarto,4,29,1.134,0.1846,0.3960,5.3401,-1.1853,0
20261001_225058,eu,quarto,4,30,1.153,0.1770,0.3958,3.6551,-1.2769,0
20261001_225058,eu,quarto,4,31,1.182,0.1697,0.4096,3.2150,-2.7563,0
20261001_225058,eu,quarto,4,32,1.201,0.1834,0.3971,3.6857,-3.1583,0
20261001_225058,eu,quarto,4,33,1.246,0.1781,0.3604,3.5744,-2.4936,0
20261001_225058,eu,quarto,4,34,1.311,0.2157,0.4144,5.3873,-0.3025,0
20261001_225058,eu,quarto,4,35,1.329,0.2145,0.4401,7.1001,0.2686,0
20261001_225058,eu,quarto,4,36,1.374,0.2315,0.5193,7.1992,1.8268,0
20261001_225058,eu,quarto,4,37,1.393,0.2237,0.4898,6.4481,1.7574,0
20261001_225058,eu,quarto,4,38,1.438,0.2283,0.5533,8.4868,1.1318,0
20261001_225058,eu,quarto,4,39,1.457,0.1991,0.4907,8.5394,1.7287,0
20261001_225058,eu,quarto,4,40,1.486,0.2232,0.4587,7.8891,1.9211,0
20261001_225058,eu,quarto,4,41,1.505,0.2054,0.4591,6.3237,1.9987,0
20261001_225058,eu,quarto,4,42,1.550,0.2149,0.4104,6.3795,0.6878,0
20261001_225058,eu,quarto,4,43,1.569,0.2150,0.4037,5.6082,-0.5171,0
20261001_225058,eu,quarto,4,44,1.614,0.2095,0.4553,5.2244,1.2981,0
20261001_225058,eu,quarto,4,45,1.678,0.2173,0.4249,4.7858,0.7866,0
20261001_225058,eu,quarto,4,46,1.697,0.2197,0.4116,5.1665,1.4244,0
20261001_225058,eu,quarto,4,47,1.726,0.2121,0.4378,3.7728,1.4071,0
20261001_225058,eu,quarto,4,48,1.744,0.1882,0.4382,4.5060,2.1414,0
20261001_225058,eu,quarto,4,49,1.789,0.2198,0.5051,5.1643,1.2281,0
20261001_225058,eu,quarto,4,50,1.808,0.2133,0.4897,4.7457,0.9032,0
20261001_225058,eu,quarto,4,51,1.853,0.1961,0.4637,4.9895,1.3608,0
20261001_225058,eu,quarto,4,52,1.872,0.1987,0.4553,2.2414,1.6198,0
20261001_225058,eu,quarto,4,53,1.917,0.1981,0.4920,4.9093,0.0896,0
20261001_225058,eu,quarto,4,54,1.936,0.2002,0.4917,5.2023,0.1770,0
20261001_225058,eu,quarto,4,55,1.965,0.1891,0.4733,6.3785,-0.1713,0
20261001_225058,eu,quarto,4,56,1.983,0.2095,0.5064,6.5060,-0.4015,0
20261001_225058,eu,quarto,4,57,2.029,0.1895,0.4593,5.7626,-0.8351,0
20261001_225058,eu,quarto,4,58,2.094,0.2215,0.4465,3.7555,-1.6207,0
20261001_225058,eu,quarto,4,59,2.113,0.2184,0.4267,4.7497,-2.9145,0
20261001_225058,eu,quarto,4,60,2.157,0.2377,0.5567,2.4452,2.6562,0
20261001_225058,eu,quarto,4,61,2.176,0.2369,0.5561,2.7767,2.2331,0
20261001_225058,eu,quarto,4,62,2.206,0.2398,0.5418,11.0273,3.3009,0
20261001_225058,eu,quarto,4,63,2.225,0.2278,0.5334,-24.5753,-8.0842,0
20261001_225058,eu,quarto,4,64,2.269,0.2450,0.4835,7.4822,1.6896,0
20261001_225058,eu,quarto,4,65,2.334,0.2296,0.4684,7.2234,0.6447,0
20261001_225058,eu,quarto,4,66,2.352,0.2339,0.4684,5.7923,0.6790,0
20261001_225058,eu,quarto,4,67,2.398,0.2182,0.4699,3.7558,0.8837,0
20261001_225058,eu,quarto,4,68,2.417,0.2322,0.4690,4.1177,1.1336,0
20261001_225058,eu,quarto,4,69,2.446,0.2290,0.5378,5.5203,2.3427,0
20261001_225058,eu,quarto,4,70,2.464,0.2319,0.5298,4.8374,2.5580,0
20261001_225058,eu,quarto,4,71,2.509,0.2294,0.5609,5.3037,4.1092,0
20261001_225058,eu,quarto,4,72,2.574,0.2127,0.4769,3.6216,-1.7735,0
20261001_225058,eu,quarto,4,73,2.592,0.2039,0.4549,1.5699,-1.9047,0
20261001_225058,eu,quarto,4,74,2.639,0.1842,0.4929,4.9136,-1.2990,0
20261001_225058,eu,quarto,4,75,2.658,0.1758,0.4787,4.3771,-1.8722,0
20261001_225058,eu,quarto,4,76,2.687,0.1082,0.4834,1.8197,-2.7712,0
20261001_225058,eu,quarto,4,77,2.706,0.0995,0.4840,3.9106,-1.5578,0
20261001_225058,eu,quarto,4,78,2.750,0.1077,0.5462,2.1577,-4.1020,0
20261001_225058,eu,quarto,4,79,2.769,0.0996,0.5402,2.0015,-5.4537,0
20261001_225058,eu,quarto,4,80,2.814,0.0893,0.5813,1.8068,-3.9691,0
20261001_225058,eu,quarto,4,81,2.878,0.0980,0.5143,3.4378,-4.1237,0
20261001_225058,eu,quarto,4,82,2.896,0.0883,0.5214,2.4962,-4.4099,0
20261001_225058,eu,quarto,4,83,2.941,0.0760,0.4925,-0.9174,-4.3625,0
20261001_225058,eu,quarto,4,84,2.960,0.0561,0.4925,-0.6131,-5.3497,0
20261001_225058,eu,quarto,4,85,2.990,0.1748,0.4182,2.1424,-4.5438,0
20261001_225058,eu,quarto,4,86,3.009,0.2081,0.4321,1.6192,-4.3591,0
20261001_225058,eu,quarto,5,0,0.217,0.2577,0.4612,-1.6207,-0.0614,0
20261001_225058,eu,quarto,5,1,0.237,0.2339,0.3818,0.2050,-0.1816,0
20261001_225058,eu,quarto,5,2,0.255,0.2541,0.3763,4.4555,-0.4207,0
20261001_225058,eu,quarto,5,3,0.274,0.2335,0.3779,8.8137,-1.4322,0
20261001_225058,eu,quarto,5,4,0.293,0.2350,0.4020,8.3074,-0.5251,0
20261001_225058,eu,quarto,5,5,0.312,0.2510,0.4035,9.7710,-0.1148,0
20261001_225058,eu,quarto,5,6,0.348,0.2546,0.4696,11.3793,0.0333,0
20261001_225058,eu,quarto,5,7,0.366,0.2433,0.4847,12.4848,1.1263,0
20261001_225058,eu,quarto,5,8,0.412,0.2370,0.5002,12.8171,1.3972,0
20261001_225058,eu,quarto,5,9,0.431,0.2320,0.4935,10.5401,1.9521,0
20261001_225058,eu,quarto,5,10,0.460,0.2318,0.4328,7.4683,-0.1045,0
20261001_225058,eu,quarto,5,11,0.478,0.2238,0.4332,9.5331,-0.5048,0
20261001_225058,eu,quarto,5,12,0.526,0.2282,0.4050,8.5894,-1.2659,0
20261001_225058,eu,quarto,5,13,0.588,0.1201,0.4115,8.6157,-2.9104,0
20261001_225058,eu,quarto,5,14,0.607,0.1145,0.3722,6.3167,-1.5155,0
20261001_225058,eu,quarto,5,15,0.652,0.0433,0.3475,4.2774,-0.7533,0
20261001_225058,eu,quarto,5,16,0.671,0.0477,0.3523,3.5125,-1.1913,0
20261001_225058,eu,quarto,5,17,0.701,0.0542,0.3027,3.6472,-1.5027,0
20261001_225058,eu,quarto,5,18,0.720,0.0473,0.3029,3.6094,-1.2342,0
20261001_225058,eu,quarto,5,19,0.764,0.1461,0.2856,5.2293,1.4125,0
20261001_225058,eu,quarto,5,20,0.828,0.1698,0.2885,6.4024,0.5045,0
20261001_225058,eu,quarto,5,21,0.847,0.1704,0.2960,5.7109,0.1222,0
20261001_225058,eu,quarto,5,22,0.892,0.2076,0.4007,7.4941,0.3749,0
20261001_225058,eu,quarto,5,23,0.912,0.2097,0.3940,7.4353,1.3274,0
20261001_225058,eu,quarto,5,24,0.940,0.2190,0.3995,10.8744,2.1348,0
20261001_225058,eu,quarto,5,25,0.959,0.2269,0.3999,8.7827,1.5210,0
20261001_225058,eu,quarto,5,26,1.004,0.2242,0.4620,11.9514,2.9525,0
20261001_225058,eu,quarto,5,27,1.070,0.2243,0.5380,11.7130,3.2872,0
20261001_225058,eu,quarto,5,28,1.088,0.2177,0.5393,11.8186,2.9722,0
20261001_225058,eu,quarto,5,29,1.132,0.2401,0.5389,15.8947,3.3850,0
20261001_225058,eu,quarto,5,30,1.151,0.2340,0.5228,13.7559,3.3334,0
20261001_225058,eu,quarto,5,31,1.182,0.2212,0.5534,12.0156,3.1417,0
20261001_225058,eu,quarto,5,32,1.200,0.2225,0.5617,12.7524,2.8748,0
20261001_225058,eu,quarto,5,33,1.244,0.2340,0.5768,9.9976,2.1174,0
20261001_225058,eu,quarto,5,34,1.264,0.2290,0.5601,10.8407,2.1357,0
20261001_225058,eu,quarto,5,35,1.310,0.2171,0.5574,5.3977,2.5781,0
20261001_225058,eu,quarto,5,36,1.328,0.2169,0.5796,4.2046,2.7146,0
20261001_225058,eu,quarto,5,37,1.372,0.1976,0.5274,2.9990,0.5840,0
20261001_225058,eu,quarto,5,38,1.391,0.2063,0.5275,3.3106,1.4533,0
20261001_225058,eu,quarto,5,39,1.436,0.1961,0.4407,6.1365,0.7197,0
20261001_225058,eu,quarto,5,40,1.484,0.2038,0.5484,6.7220,2.9698,0
20261001_225058,eu,quarto,5,41,1.503,0.1909,0.5478,4.6337,3.6929,0
20261001_225058,eu,quarto,5,42,1.548,0.1654,0.5563,4.9097,5.7614,0
20261001_225058,eu,quarto,5,43,1.567,0.1672,0.5933,7.8703,5.7762,0
20261001_225058,eu,quarto,5,44,1.613,0.1645,0.4789,5.2978,5.6025,0
20261001_225058,eu,quarto,5,45,1.632,0.1830,0.4934,5.7327,5.3867,0
20261001_225058,eu,quarto,5,46,1.676,0.1802,0.4119,9.1468,5.3422,0
20261001_225058,eu,quarto,5,47,1.694,0.1758,0.4240,7.2361,5.5958,0
20261001_225058,eu,quarto,5,48,1.725,0.1805,0.4988,10.7178,6.3473,0
20261001_225058,eu,quarto,5,49,1.743,0.1642,0.4583,8.1533,7.5058,0
20261001_225058,eu,quarto,5,50,1.788,0.1756,0.5064,11.4412,5.5839,0
20261001_225058,eu,quarto,5,51,1.853,0.1756,0.4375,6.9066,4.4711,0
20261001_225058,eu,quarto,5,52,1.872,0.1817,0.4436,9.2975,3.4087,0
20261001_225058,eu,quarto,5,53,1.916,0.1831,0.4391,5.9203,4.2612,0
20261001_225058,eu,quarto,5,54,1.934,0.1782,0.4398,6.3120,5.4606,0
20261001_225058,eu,quarto,5,55,1.964,0.1873,0.5140,10.5035,4.8263,0
20261001_225058,eu,quarto,5,56,1.983,0.1947,0.5069,8.8712,4.9658,0
20261001_225058,eu,quarto,5,57,2.028,0.2038,0.5207,10.9079,5.2858,0
20261001_225058,eu,quarto,5,58,2.092,0.1822,0.5361,10.0083,5.9690,0
20261001_225058,eu,quarto,5,59,2.111,0.1960,0.5285,9.4286,6.4045,0
20261001_225058,eu,quarto,5,60,2.156,0.2137,0.5373,9.8093,5.1936,0
20261001_225058,eu,quarto,5,61,2.175,0.2036,0.5139,10.9260,4.6601,0
20261001_225058,eu,quarto,5,62,2.204,0.2038,0.4482,11.2381,4.7887,0
20261001_225058,eu,quarto,5,63,2.223,0.1969,0.4485,10.8283,3.6115,0
20261001_225058,eu,quarto,5,64,2.269,0.2082,0.4135,9.4912,3.6846,0
20261001_225058,eu,quarto,5,65,2.332,0.2164,0.4780,7.3613,4.7726,0
20261001_225058,eu,quarto,5,66,2.351,0.2048,0.4850,8.1034,4.5652,0
20261001_225058,eu,quarto,5,67,2.396,0.2392,0.4993,7.3717,5.1822,0
20261001_225058,eu,quarto,5,68,2.415,0.2224,0.5066,7.4274,5.4089,0
20261001_225058,eu,quarto,5,69,2.444,0.2481,0.5281,10.2030,6.3109,0
20261001_225058,eu,quarto,5,70,2.463,0.2374,0.5281,10.5359,6.2884,0
20261001_225058,eu,quarto,5,71,2.508,0.2468,0.5138,6.9342,5.5354,0
20261001_225058,eu,quarto,5,72,2.527,0.2483,0.5064,8.4434,5.4852,0
20261001_225058,eu,quarto,5,73,2.572,0.2721,0.4130,8.2189,4.6071,0
20261001_225058,eu,quarto,5,74,2.591,0.2743,0.4016,9.2570,4.6213,0
20261001_225058,eu,quarto,5,75,2.636,0.2694,0.3882,7.9989,4.4079,0
20261001_225058,eu,quarto,5,76,2.684,0.2627,0.4066,7.3297,5.0494,0
20261001_225058,eu,quarto,5,77,2.703,0.2554,0.4121,8.2731,4.9210,0
20261001_225058,eu,quarto,5,78,2.748,0.1463,0.4455,6.6516,6.3532,0
20261001_225058,eu,quarto,5,79,2.766,0.1534,0.4384,6.6106,6.1578,0
20261001_225058,eu,quarto,5,80,2.812,0.0371,0.5278,5.8169,7.4826,0
20261001_225058,eu,quarto,5,81,2.831,0.0371,0.4862,4.2773,7.2101,0
20261001_225058,eu,quarto,5,82,2.876,0.0879,0.5215,8.4109,5.7416,0
20261001_225058,eu,quarto,5,83,2.895,0.1000,0.5211,9.1668,6.4796,0
20261001_225058,eu,quarto,5,84,2.940,0.2620,0.5444,14.2172,5.0830,0
20261001_225058,eu,quarto,5,85,2.959,0.2443,0.5521,14.1595,5.5030,0
20261001_225058,eu,quarto,5,86,2.988,0.2932,0.4926,14.9719,4.4227,0
20261001_225058,eu,quarto,5,87,3.053,0.3110,0.5214,13.5777,4.3831,0
20261001_225058,eu,quarto,6,0,0.220,0.2407,0.5141,11.6097,5.4875,0
20261001_225058,eu,quarto,6,1,0.240,0.0452,0.5280,8.5340,6.7176,0
20261001_225058,eu,quarto,6,2,0.302,0.1782,0.5356,13.2278,5.9608,0
20261001_225058,eu,quarto,6,3,0.321,0.1681,0.5435,11.0796,6.0236,0
20261001_225058,eu,quarto,6,4,0.366,0.2441,0.4803,12.2137,4.8519,0
20261001_225058,eu,quarto,6,5,0.385,0.2416,0.4798,14.2036,5.1042,0
20261001_225058,eu,quarto,6,6,0.414,0.2661,0.3993,10.8014,3.2286,0
20261001_225058,eu,quarto,6,7,0.433,0.2661,0.3861,10.5388,3.7464,0
20261001_225058,eu,quarto,6,8,0.478,0.2777,0.3928,11.0314,4.2196,0
20261001_225058,eu,quarto,6,9,0.543,0.2666,0.4921,13.8619,4.7848,0
20261001_225058,eu,quarto,6,10,0.562,0.2792,0.4858,13.7662,4.7561,0
20261001_225058,eu,quarto,6,11,0.607,0.2820,0.5991,15.4613,5.7616,0
20261001_225058,eu,quarto,6,12,0.625,0.2940,0.5885,16.1699,5.5987,0
20261001_225058,eu,quarto,6,13,0.656,0.2360,0.4220,13.8583,4.8567,0
20261001_225058,eu,quarto,6,14,0.675,0.2317,0.4150,14.5970,4.6687,0
20261001_225058,eu,quarto,6,15,0.718,0.0331,0.4150,8.1719,5.8657,0
20261001_225058,eu,quarto,6,16,0.737,0.0429,0.4220,5.5322,5.2294,0
20261001_225058,eu,quarto,6,17,0.783,0.0493,0.4111,5.1871,7.7551,0
20261001_225058,eu,quarto,6,18,0.848,0.0330,0.4446,3.9685,6.9098,0
20261001_225058,eu,quarto,6,19,0.866,0.0462,0.4517,5.4879,7.0378,0
20261001_225058,eu,quarto,6,20,0.894,0.0554,0.5510,7.6176,7.5366,0
20261001_225058,eu,quarto,6,21,0.912,0.0455,0.5148,7.1503,6.2171,0
20261001_225058,eu,quarto,6,22,0.959,0.1612,0.5512,11.9663,6.5725,0
20261001_225058,eu,quarto,6,23,0.977,0.1636,0.5434,12.9497,6.4736,0
20261001_225058,eu,quarto,6,24,1.023,0.2055,0.4711,13.8903,4.6587,0
20261001_225058,eu,quarto,6,25,1.041,0.1919,0.4575,14.0549,4.6737,0
20261001_225058,eu,quarto,6,26,1.087,0.2286,0.4515,10.9316,4.9094,0
20261001_225058,eu,quarto,6,27,1.105,0.2217,0.4515,12.9424,4.6949,0
20261001_225058,eu,quarto,6,28,1.134,0.2400,0.4794,11.2531,4.5378,0
20261001_225058,eu,quarto,6,29,1.200,0.2582,0.4347,8.8222,3.3594,0
20261001_225058,eu,quarto,6,30,1.218,0.2402,0.4550,8.7418,4.1674,0
20261001_225058,eu,quarto,6,31,1.263,0.2372,0.4130,9.9950,3.4806,0
20261001_225058,eu,quarto,6,32,1.281,0.2457,0.4073,7.1313,3.4587,0
20261001_225058,eu,quarto,6,33,1.327,0.2350,0.2661,10.3382,2.9305,0
20261001_225058,eu,quarto,6,34,1.346,0.2374,0.2829,10.9349,2.9111,0
20261001_225058,eu,quarto,6,35,1.391,0.2532,0.3401,11.2379,4.0774,0
20261001_225058,eu,quarto,6,36,1.409,0.2443,0.3170,11.7892,4.1327,0
20261001_225058,eu,quarto,6,37,1.438,0.2612,0.4926,13.6278,5.0585,0
20261001_225058,eu,quarto,6,38,1.457,0.2577,0.4857,12.6985,4.9226,0
20261001_225058,eu,quarto,6,39,1.502,0.2427,0.4461,12.4245,3.7483,0
20261001_225058,eu,quarto,6,40,1.566,0.2517,0.4102,6.0676,3.3007,0
20261001_225058,eu,quarto,6,41,1.585,0.2528,0.3938,7.5321,3.4152,0
20261001_225058,eu,quarto,6,42,1.630,0.2548,0.4618,6.6278,2.2381,0
20261001_225058,eu,quarto,6,43,1.649,0.2607,0.4618,6.3315,2.1702,0
20261001_225058,eu,quarto,6,44,1.679,0.2640,0.3985,3.7695,-0.3089,0
20261001_225058,eu,quarto,6,45,1.698,0.2483,0.4027,3.3073,-0.3605,0
20261001_225058,eu,quarto,6,46,1.742,0.2374,0.4265,4.6272,-0.7697,0
20261001_225058,eu,quarto,6,47,1.806,0.2469,0.4480,2.9932,0.1188,0
20261001_225058,eu,quarto,6,48,1.825,0.2476,0.4382,3.9813,1.3223,0
20261001_225058,eu,quarto,6,49,1.870,0.2492,0.4247,3.9827,2.4255,0
20261001_225058,eu,quarto,6,50,1.889,0.2445,0.4192,4.0944,2.0189,0
20261001_225058,eu,quarto,6,51,1.918,0.2341,0.4127,2.7504,0.3796,0
20261001_225058,eu,quarto,6,52,1.937,0.2315,0.4135,4.0588,0.4607,0
20261001_225058,eu,quarto,6,53,1.982,0.2473,0.4176,3.2879,0.3517,0
20261001_225058,eu,quarto,6,54,2.046,0.2254,0.3930,2.9160,0.2458,0
20261001_225058,eu,quarto,6,55,2.064,0.2255,0.3879,2.7902,0.7364,0
20261001_225058,eu,quarto,6,56,2.110,0.1129,0.4310,3.8570,2.3817,0
20261001_225058,eu,quarto,6,57,2.128,0.1140,0.4369,3.4953,3.4558,0
20261001_225058,eu,quarto,6,58,2.158,0.0785,0.4405,4.0955,4.0531,0
20261001_225058,eu,quarto,6,59,2.177,0.0716,0.4350,5.3068,6.3832,0
20261001_225058,eu,quarto,6,60,2.222,0.1335,0.3932,3.7783,-1.5271,0
20261001_225058,eu,quarto,6,61,2.241,0.1306,0.3942,4.0535,2.3513,0
20261001_225058,eu,quarto,6,62,2.286,0.1733,0.3896,3.7548,1.6573,0
20261001_225058,eu,quarto,6,63,2.304,0.1733,0.3896,3.7361,1.6514,0
20261001_225058,eu,quarto,6,64,2.350,0.1911,0.4077,4.0501,2.5161,0
20261001_225058,eu,quarto,6,65,2.398,0.2161,0.4098,5.8614,2.8955,0
20261001_225058,eu,quarto,6,66,2.417,0.2140,0.3896,5.0318,0.8748,0
20261001_225058,eu,quarto,6,67,2.462,0.2316,0.3809,4.0953,0.2011,0
20261001_225058,eu,quarto,6,68,2.481,0.2245,0.3808,3.2363,1.4398,0
20261001_225058,eu,quarto,6,69,2.526,0.2048,0.3695,1.7552,-1.1477,0
20261001_225058,eu,quarto,6,70,2.544,0.2074,0.3771,3.5642,-1.0838,0
20261001_225058,eu,quarto,6,71,2.590,0.0336,0.3988,3.1899,1.5903,0
20261001_225058,eu,quarto,6,72,2.609,0.0564,0.3857,3.5372,1.6426,0
20261001_225058,eu,quarto,6,73,2.638,0.0357,0.4028,3.3153,2.5852,0
20261001_225058,eu,quarto,6,74,2.656,0.0620,0.3916,3.4336,3.1519,0
20261001_225058,eu,quarto,6,75,2.702,0.0467,0.4053,4.0360,0.8796,0
20261001_225058,eu,quarto,6,76,2.766,0.0712,0.3995,3.9356,0.6186,0
20261001_225058,eu,quarto,6,77,2.785,0.0422,0.3965,4.1487,0.9650,0
20261001_225058,eu,quarto,6,78,2.830,0.0873,0.4270,2.9466,1.0633,0
20261001_225058,eu,quarto,6,79,2.849,0.0919,0.4215,4.2800,0.9352,0
20261001_225058,eu,quarto,6,80,2.894,0.1248,0.4251,4.8215,2.5967,0
20261001_225058,eu,quarto,6,81,2.913,0.1351,0.4144,3.7697,2.5437,0
20261001_225058,eu,quarto,6,82,2.942,0.1642,0.4278,3.2813,2.7748,0
20261001_225058,eu,quarto,6,83,2.960,0.1691,0.4281,3.6960,2.0740,0
20261001_225058,eu,quarto,6,84,3.006,0.1683,0.4289,3.5737,0.8004,0
20261001_225058,eu,quarto,7,0,0.219,0.1906,0.4241,2.8566,-0.2052,0
20261001_225058,eu,quarto,7,1,0.236,0.2009,0.4169,4.7856,1.1770,0
20261001_225058,eu,quarto,7,2,0.256,0.2054,0.4274,4.8444,0.5826,0
20261001_225058,eu,quarto,7,3,0.274,0.1835,0.4393,3.1795,1.0558,0
20261001_225058,eu,quarto,7,4,0.304,0.2001,0.4382,4.0309,-0.2240,0
20261001_225058,eu,quarto,7,5,0.322,0.2216,0.4386,3.9437,-0.2071,0
20261001_225058,eu,quarto,7,6,0.367,0.2150,0.4163,3.7247,1.0895,0
20261001_225058,eu,quarto,7,7,0.386,0.2137,0.4331,5.1325,1.2232,0
20261001_225058,eu,quarto,7,8,0.415,0.1622,0.4212,2.3959,-1.2584,0
20261001_225058,eu,quarto,7,9,0.434,0.1660,0.4210,2.4573,-0.9965,0
20261001_225058,eu,quarto,7,10,0.480,0.0469,0.4477,2.0471,1.7506,0
20261001_225058,eu,quarto,7,11,0.499,0.0414,0.4541,1.1687,1.4099,0
20261001_225058,eu,quarto,7,12,0.544,0.0539,0.4726,1.0340,2.3516,0
20261001_225058,eu,quarto,7,13,0.607,0.0330,0.4885,0.4447,0.0089,0
20261001_225058,eu,quarto,7,14,0.625,0.0531,0.4954,1.9862,2.1293,0
20261001_225058,eu,quarto,7,15,0.655,0.0458,0.5312,3.0768,0.7536,0
20261001_225058,eu,quarto,7,16,0.674,0.0468,0.5370,2.6691,0.4785,0
20261001_225058,eu,quarto,7,17,0.721,0.1189,0.5246,3.7231,4.0080,0
20261001_225058,eu,quarto,7,18,0.739,0.1191,0.5185,3.1534,3.1990,0
20261001_225058,eu,quarto,7,19,0.784,0.1841,0.5375,3.3916,3.8029,0
20261001_225058,eu,quarto,7,20,0.804,0.1674,0.5435,3.1823,3.8927,0
20261001_225058,eu,quarto,7,21,0.848,0.1866,0.5424,5.8371,5.7189,0
20261001_225058,eu,quarto,7,22,0.868,0.1865,0.5380,5.4268,3.9449,0
20261001_225058,eu,quarto,7,23,0.896,0.1951,0.5304,6.5048,3.8335,0
20261001_225058,eu,quarto,7,24,0.915,0.1924,0.5299,6.3708,2.7921,0
20261001_225058,eu,quarto,7,25,0.960,0.1840,0.5297,7.2813,4.0085,0
20261001_225058,eu,quarto,7,26,1.024,0.1957,0.5414,8.2016,3.1203,0
20261001_225058,eu,quarto,7,27,1.042,0.1924,0.5300,6.7723,3.4501,0
20261001_225058,eu,quarto,7,28,1.088,0.1918,0.5290,6.7916,2.5901,0
20261001_225058,eu,quarto,7,29,1.105,0.1905,0.5351,6.0195,2.7664,0
20261001_225058,eu,quarto,7,30,1.135,0.1924,0.5297,5.8204,2.3361,0
20261001_225058,eu,quarto,7,31,1.154,0.1902,0.5241,5.3391,3.0340,0
20261001_225058,eu,quarto,7,32,1.198,0.1819,0.5045,5.6169,2.6541,0
20261001_225058,eu,quarto,7,33,1.264,0.1377,0.4566,7.0002,2.4201,0
20261001_225058,eu,quarto,7,34,1.282,0.1389,0.4506,5.7017,1.8926,0
20261001_225058,eu,quarto,7,35,1.326,0.1921,0.3915,5.2120,1.3629,0
20261001_225058,eu,quarto,7,36,1.345,0.1799,0.4142,7.1169,0.7255,0
20261001_225058,eu,quarto,7,37,1.375,0.2478,0.4169,6.9422,0.4233,0
20261001_225058,eu,quarto,7,38,1.393,0.2417,0.4085,8.2435,1.0772,0
20261001_225058,eu,quarto,7,39,1.438,0.2566,0.4715,3.5584,-0.1052,0
20261001_225058,eu,quarto,7,40,1.456,0.2598,0.4943,5.8028,0.2041,0
20261001_225058,eu,quarto,7,41,1.503,0.2672,0.4300,4.2057,-0.0444,0
20261001_225058,eu,quarto,7,42,1.567,0.2599,0.4068,4.5840,-1.2190,0
20261001_225058,eu,quarto,7,43,1.586,0.2691,0.4179,3.0877,-1.0109,0
20261001_225058,eu,quarto,7,44,1.631,0.1625,0.4351,4.8060,1.6378,0
20261001_225058,eu,quarto,7,45,1.650,0.1682,0.4299,4.5424,2.4674,0
20261001_225058,eu,quarto,7,46,1.679,0.1107,0.4050,4.3035,3.1309,0
20261001_225058,eu,quarto,7,47,1.697,0.1217,0.4114,4.0441,2.9747,0
20261001_225058,eu,quarto,7,48,1.743,0.1184,0.4444,3.4984,4.2749,0
20261001_225058,eu,quarto,7,49,1.807,0.1446,0.4455,5.3458,5.3150,0
20261001_225058,eu,quarto,7,50,1.826,0.1410,0.4341,6.1667,4.1911,0
20261001_225058,eu,quarto,7,51,1.871,0.1264,0.4646,3.9376,2.6150,0
20261001_225058,eu,quarto,7,52,1.890,0.1104,0.4637,3.5154,2.4357,0
20261001_225058,eu,quarto,7,53,1.919,0.1356,0.4768,3.1526,2.8921,0
20261001_225058,eu,quarto,7,54,1.937,0.1320,0.4713,3.3148,1.8941,0
20261001_225058,eu,quarto,7,55,1.983,0.1173,0.4558,2.8635,3.9783,0
20261001_225058,eu,quarto,7,56,2.002,0.1093,0.4596,4.6375,4.3091,0
20261001_225058,eu,quarto,7,57,2.047,0.0824,0.4960,4.4425,4.8328,0
20261001_225058,eu,quarto,7,58,2.066,0.1047,0.4894,4.1589,4.9626,0
20261001_225058,eu,quarto,7,59,2.112,0.1148,0.4942,3.7807,3.3616,0
20261001_225058,eu,quarto,7,60,2.130,0.1104,0.4878,3.7807,3.3616,0
20261001_225058,eu,quarto,7,61,2.159,0.1252,0.5276,7.5830,6.9071,0
20261001_225058,eu,quarto,7,62,2.222,0.1323,0.4978,11.8132,7.1562,0
20261001_225058,eu,quarto,7,63,2.241,0.1303,0.5048,10.0859,7.2477,0
20261001_225058,eu,quarto,7,64,2.286,0.1381,0.4699,10.0665,7.0816,0
20261001_225058,eu,quarto,7,65,2.304,0.1366,0.4771,10.0665,7.0816,0
20261001_225058,eu,quarto,7,66,2.351,0.1454,0.4537,6.4075,7.2236,0
20261001_225058,eu,quarto,7,67,2.370,0.1212,0.4395,5.5740,6.6454,0
20261001_225058,eu,quarto,7,68,2.398,0.1125,0.5195,7.0944,6.4044,0
20261001_225058,eu,quarto,7,69,2.417,0.1095,0.5258,5.2052,6.4719,0
20261001_225058,eu,quarto,7,70,2.463,0.1195,0.5533,4.3051,6.6044,0
20261001_225058,eu,quarto,7,71,2.527,0.1133,0.5132,4.6108,5.0559,0
20261001_225058,eu,quarto,7,72,2.546,0.1100,0.5452,4.4372,5.9789,0
20261001_225058,eu,quarto,7,73,2.591,0.1338,0.4894,5.3639,4.1413,0
20261001_225058,eu,quarto,7,74,2.610,0.1207,0.5011,3.5046,3.7008,0
20261001_225058,eu,quarto,7,75,2.639,0.1221,0.4466,3.2024,2.8539,0
20261001_225058,eu,quarto,7,76,2.657,0.1069,0.4466,4.1531,2.7317,0
20261001_225058,eu,quarto,7,77,2.703,0.1729,0.4439,2.3881,2.9805,0
20261001_225058,eu,quarto,7,78,2.766,0.2411,0.4739,3.8891,3.1067,0
20261001_225058,eu,quarto,7,79,2.785,0.2268,0.4685,3.9668,3.1148,0
20261001_225058,eu,quarto,7,80,2.831,0.2540,0.5517,3.9336,4.2945,0
20261001_225058,eu,quarto,7,81,2.850,0.2540,0.5516,5.4192,5.0464,0
20261001_225058,eu,quarto,7,82,2.876,0.2546,0.5619,4.9222,4.3927,0
20261001_225058,eu,quarto,7,83,2.895,0.2423,0.5503,5.1858,3.8511,0
20261001_225058,eu,quarto,7,84,2.942,0.2666,0.4949,5.0724,2.1174,0
20261001_225058,eu,quarto,7,85,2.961,0.2687,0.4846,2.9965,1.9171,0
20261001_225058,eu,quarto,7,86,3.006,0.2910,0.4567,2.8258,0.1011,0
20261001_225058,eu,quarto,8,0,0.314,0.2095,0.4224,7.8340,6.9227,1
20261001_225058,eu,quarto,8,1,0.365,0.2117,0.4290,7.4935,6.0546,1
20261001_225058,eu,quarto,8,2,0.384,0.2195,0.4364,8.3799,5.3523,1
20261001_225058,eu,quarto,8,3,0.414,0.2319,0.4160,5.9942,5.6941,1
20261001_225058,eu,quarto,8,4,0.432,0.2389,0.4154,9.2534,5.8226,1
20261001_225058,eu,quarto,8,5,0.478,0.2321,0.4084,8.5411,5.3510,1
20261001_225058,eu,quarto,8,6,0.544,0.2318,0.4151,8.9082,6.5599,1
20261001_225058,eu,quarto,8,7,0.562,0.2219,0.4281,7.9480,5.3994,1
20261001_225058,eu,quarto,8,8,0.607,0.2327,0.4014,9.1276,5.4477,1
20261001_225058,eu,quarto,8,9,0.626,0.2189,0.4018,9.0334,4.6794,1
20261001_225058,eu,quarto,8,10,0.654,0.1260,0.4291,5.4321,5.5613,1
20261001_225058,eu,quarto,8,11,0.672,0.1229,0.4230,4.7365,5.7030,1
20261001_225058,eu,quarto,8,12,0.718,0.0361,0.4350,5.6146,4.1401,1
20261001_225058,eu,quarto,8,13,0.782,0.0434,0.3776,2.6704,1.4919,1
20261001_225058,eu,quarto,8,14,0.801,0.0509,0.3484,2.0822,0.8902,1
20261001_225058,eu,quarto,8,15,0.844,0.0571,0.3803,2.5630,-1.8137,1
20261001_225058,eu,quarto,8,16,0.863,0.0556,0.3792,2.9633,-3.0824,1
20261001_225058,eu,quarto,8,17,0.894,0.0509,0.3601,2.3682,-8.4075,1
20261001_225058,eu,quarto,8,18,0.912,0.0612,0.3532,1.8695,-10.0997,1
20261001_225058,eu,quarto,8,19,0.959,0.0744,0.3733,-0.7012,-9.4713,1
20261001_225058,eu,quarto,8,20,1.021,0.0795,0.3807,-0.6180,-12.5505,1
20261001_225058,eu,quarto,8,21,1.040,0.0824,0.3705,-1.2897,-13.9003,1
20261001_225058,eu,quarto,8,22,1.087,0.1004,0.3654,-1.3807,-15.1395,1
20261001_225058,eu,quarto,8,23,1.105,0.0948,0.3488,-0.9862,-16.0194,1
20261001_225058,eu,quarto,8,24,1.134,0.1130,0.3235,-1.2367,-18.6107,1
20261001_225058,eu,quarto,8,25,1.153,0.1075,0.3431,-1.0283,-17.7849,1
20261001_225058,eu,quarto,8,26,1.199,0.1406,0.3071,1.1393,-20.7863,1
20261001_225058,eu,quarto,8,27,1.217,0.1289,0.2856,0.3126,-20.6786,1
20261001_225058,eu,quarto,8,28,1.262,0.1265,0.2476,-1.4870,-25.0339,1
20261001_225058,eu,quarto,8,29,1.281,0.1257,0.2314,0.9470,-23.3208,1
20261001_225058,eu,quarto,8,30,1.327,0.1333,0.2216,-0.4459,-29.8807,1
20261001_225058,eu,quarto,8,31,1.345,0.1431,0.2244,0.3521,-28.9134,1
20261001_225058,eu,quarto,8,32,1.374,0.1514,0.2251,1.1092,-29.3454,1
20261001_225058,eu,quarto,8,33,1.438,0.1474,0.2173,0.4926,-29.9711,1
20261001_225058,eu,quarto,8,34,1.457,0.1486,0.2145,0.5140,-30.6693,1
20261001_225058,eu,quarto,8,35,1.502,0.1482,0.2320,-0.0892,-30.4517,1
20261001_225058,eu,quarto,8,36,1.521,0.1517,0.2287,0.9405,-30.9042,1
20261001_225058,eu,quarto,8,37,1.566,0.1497,0.2536,1.3411,-31.5125,1
20261001_225058,eu,quarto,8,38,1.584,0.1569,0.2537,0.8191,-31.5491,1
20261001_225058,eu,quarto,8,39,1.614,0.1520,0.2278,1.4332,-31.3382,1
20261001_225058,eu,quarto,8,40,1.632,0.1461,0.2428,0.7189,-31.4276,1
20261001_225058,eu,quarto,8,41,1.677,0.1590,0.2141,1.3979,-31.2310,1
20261001_225058,eu,quarto,8,42,1.742,0.1617,0.2317,0.6020,-31.4501,1
20261001_225058,eu,quarto,8,43,1.761,0.1626,0.2391,1.7387,-31.9690,1
20261001_225058,eu,quarto,8,44,1.806,0.1566,0.2172,0.8104,-32.4343,1
20261001_225058,eu,quarto,8,45,1.825,0.1512,0.2237,-6.5395,-62.6637,1
20261001_225058,eu,quarto,8,46,1.871,0.1450,0.2830,-6.9570,-61.2050,1
20261001_225058,eu,quarto,8,47,1.889,0.1535,0.2692,0.5692,-31.5779,1
20261001_225058,eu,quarto,8,48,1.918,0.1566,0.2894,0.6615,-32.5276,1
20261001_225058,eu,quarto,8,49,1.937,0.1533,0.2612,0.8764,-32.2397,1
20261001_225058,eu,quarto,8,50,1.983,0.1537,0.2730,0.2218,-32.3155,1
20261001_225058,eu,quarto,8,51,2.046,0.1533,0.2913,-7.3873,-63.4820,1
20261001_225058,eu,quarto,8,52,2.065,0.1494,0.2875,-7.4224,-64.1766,1
20261001_225058,eu,quarto,8,53,2.110,0.1546,0.2695,0.1870,-32.4854,1
20261001_225058,eu,quarto,8,54,2.129,0.1521,0.2655,-0.0741,-32.5611,1
20261001_225058,eu,quarto,8,55,2.159,0.1782,0.2575,1.2722,-31.4631,1
20261001_225058,eu,quarto,8,56,2.177,0.1704,0.2619,-6.7093,-62.1732,1
20261001_225058,eu,quarto,8,57,2.222,0.1471,0.2951,-8.1873,-64.2847,1
20261001_225058,eu,quarto,8,58,2.287,0.1565,0.2750,-7.5927,-64.4462,1
20261001_225058,eu,quarto,8,59,2.306,0.1509,0.2868,-8.8506,-64.6096,1
20261001_225058,eu,quarto,8,60,2.350,0.1652,0.2748,-0.1852,-32.4282,1
20261001_225058,eu,quarto,8,61,2.369,0.1620,0.2830,-0.2175,-32.6638,1
20261001_225058,eu,quarto,8,62,2.399,0.1588,0.2713,-8.0506,-64.2154,1
20261001_225058,eu,quarto,8,63,2.418,0.1536,0.2873,-8.1064,-63.4370,1
20261001_225058,eu,quarto,8,64,2.462,0.1550,0.2679,-8.2028,-64.4270,1
20261001_225058,eu,quarto,8,65,2.481,0.1527,0.2640,0.3783,-31.9404,1
20261001_225058,eu,quarto,8,66,2.526,0.1704,0.2353,1.0726,-31.3144,1
20261001_225058,eu,quarto,8,67,2.544,0.1642,0.2498,-7.1023,-63.6757,1
20261001_225058,eu,quarto,8,68,2.590,0.1566,0.2346,-7.7819,-62.1129,1
20261001_225058,eu,quarto,8,69,2.638,0.1584,0.2315,-7.6575,-62.5237,1
20261001_225058,eu,quarto,8,70,2.657,0.1568,0.2182,-7.9227,-63.2311,1
20261001_225058,eu,quarto,8,71,2.702,0.1555,0.2180,-7.4435,-63.5496,1
20261001_225058,eu,quarto,8,72,2.721,0.1493,0.2285,-7.4529,-63.0777,1
20261001_225058,eu,quarto,8,73,2.766,0.1653,0.2086,-7.6533,-62.7190,1
20261001_225058,eu,quarto,8,74,2.784,0.1484,0.2314,-8.1671,-61.8335,1
20261001_225058,eu,quarto,8,75,2.830,0.1579,0.2385,-1.4496,-30.6207,1
20261001_225058,eu,quarto,8,76,2.849,0.1443,0.2378,-1.2866,-30.8371,1
20261001_225058,eu,quarto,8,77,2.878,0.1661,0.2280,-7.5385,-63.4409,1
20261001_225058,eu,quarto,8,78,2.897,0.1629,0.2235,-7.8717,-63.4294,1
20261001_225058,eu,quarto,8,79,2.942,0.1640,0.2570,-8.8401,-61.7243,1
20261001_225058,eu,quarto,8,80,3.006,0.1550,0.2380,-0.3661,-31.1423,1
20261001_225058,eu,quarto,9,0,0.219,0.1640,0.2163,-8.9586,-62.9647,1
20261001_225058,eu,quarto,9,1,0.236,0.1686,0.2395,-8.8077,-62.3217,1
20261001_225058,eu,quarto,9,2,0.255,0.1615,0.2420,-9.2663,-61.7404,1
20261001_225058,eu,quarto,9,3,0.274,0.1632,0.2195,-8.5298,-62.5471,1
20261001_225058,eu,quarto,9,4,0.293,0.1726,0.2224,-9.0217,-62.1531,1
20261001_225058,eu,quarto,9,5,0.311,0.1671,0.2106,-8.3586,-62.6709,1
20261001_225058,eu,quarto,9,6,0.330,0.1693,0.2192,-0.7143,-30.7662,1
20261001_225058,eu,quarto,9,7,0.368,0.1830,0.2303,-7.6953,-60.8320,1
20261001_225058,eu,quarto,9,8,0.386,0.1697,0.2139,-8.9051,-61.4370,1
20261001_225058,eu,quarto,9,9,0.415,0.1678,0.1742,-12.6117,-52.9777,1
20261001_225058,eu,quarto,9,10,0.434,0.1971,0.2191,-3.5208,-26.0046,1
20261001_225058,eu,quarto,9,11,0.479,0.1898,0.1994,-2.4557,-24.6811,1
20261001_225058,eu,quarto,9,12,0.544,0.2035,0.1949,-0.0738,-20.7724,1
20261001_225058,eu,quarto,9,13,0.562,0.2040,0.2006,-3.0812,-20.1938,1
20261001_225058,eu,quarto,9,14,0.607,0.2188,0.2836,-3.1213,-16.2621,1
20261001_225058,eu,quarto,9,15,0.626,0.2018,0.2959,-3.5047,-15.3486,1
20261001_225058,eu,quarto,9,16,0.655,0.2492,0.3682,-6.9914,-10.2252,1
20261001_225058,eu,quarto,9,17,0.675,0.2541,0.3827,-1.1781,-8.5599,1
20261001_225058,eu,quarto,9,18,0.722,0.2797,0.4017,-5.3864,-5.0025,1
20261001_225058,eu,quarto,9,19,0.741,0.2877,0.3947,-1.3883,-3.9848,1
20261001_225058,eu,quarto,9,20,0.785,0.2637,0.3959,-5.8721,-4.5494,1
20261001_225058,eu,quarto,9,21,0.849,0.2438,0.3920,-0.6629,-2.0854,1
20261001_225058,eu,quarto,9,22,0.867,0.2586,0.4129,-3.2015,-2.7421,1
20261001_225058,eu,quarto,9,23,0.897,0.2284,0.4013,-0.8386,-0.9369,1
20261001_225058,eu,quarto,9,24,0.915,0.2076,0.4127,1.4547,-1.1104,1
20261001_225058,eu,quarto,9,25,0.960,0.2043,0.3756,3.8596,1.8775,1
20261001_225058,eu,quarto,9,26,0.979,0.1951,0.4153,0.3846,1.1790,1
20261001_225058,eu,quarto,9,27,1.024,0.1969,0.3777,0.8628,2.6067,1
20261001_225058,eu,quarto,9,28,1.043,0.1907,0.3918,3.5568,4.3528,1
20261001_225058,eu,quarto,9,29,1.088,0.1864,0.4096,-1.2509,5.3198,1
20261001_225058,eu,quarto,9,30,1.106,0.1860,0.3941,2.1359,4.5217,1
20261001_225058,eu,quarto,9,31,1.137,0.0600,0.4145,1.8742,8.9456,1
20261001_225058,eu,quarto,9,32,1.199,0.0436,0.4015,2.7070,11.8351,1
20261001_225058,eu,quarto,9,33,1.218,0.0421,0.3929,1.9446,10.8314,1
20261001_225058,eu,quarto,9,34,1.265,0.0312,0.3626,-1.9889,8.0686,1
20261001_225058,eu,quarto,9,35,1.283,0.0302,0.4106,-0.2817,7.3107,1
20261001_225058,eu,quarto,9,36,1.328,0.0373,0.3691,-4.8392,4.8016,1
20261001_225058,eu,quarto,9,37,1.346,0.0458,0.3886,-5.4342,4.6544,1
20261001_225058,eu,quarto,9,38,1.375,0.0454,0.3634,-8.3876,2.4903,1
20261001_225058,eu,quarto,9,39,1.394,0.0338,0.3839,-9.2310,2.0520,1
20261001_225058,eu,quarto,9,40,1.439,0.0624,0.3932,-12.7393,-0.4420,1
20261001_225058,eu,quarto,9,41,1.503,0.0581,0.4008,-14.5925,-1.5664,1
20261001_225058,eu,quarto,9,42,1.522,0.0636,0.4221,-14.4587,-1.5022,1
20261001_225058,eu,quarto,9,43,1.567,0.0614,0.4216,-15.1077,-4.6550,1
20261001_225058,eu,quarto,9,44,1.585,0.0558,0.3961,-14.6868,-3.3296,1
20261001_225058,eu,quarto,9,45,1.615,0.0792,0.3874,-15.8487,-5.5109,1
20261001_225058,eu,quarto,9,46,1.634,0.0841,0.4056,-15.5255,-5.5531,1
20261001_225058,eu,quarto,9,47,1.679,0.0869,0.4112,-15.5865,-8.7596,1
20261001_225058,eu,quarto,9,48,1.744,0.0913,0.4001,-17.0711,-8.4366,1
20261001_225058,eu,quarto,9,49,1.762,0.0849,0.4001,-49.3935,-8.7056,1
20261001_225058,eu,quarto,9,50,1.803,0.0688,0.3965,-16.4613,-9.8392,1
20261001_225058,eu,quarto,9,51,1.822,0.0889,0.3964,-16.3707,-10.9845,1
20261001_225058,eu,quarto,9,52,1.871,0.0917,0.4060,-50.6178,-9.6712,1
20261001_225058,eu,quarto,9,53,1.890,0.0821,0.4121,-50.2324,-9.3107,1
20261001_225058,eu,quarto,9,54,1.920,0.0851,0.4024,-49.2927,-13.3178,1
20261001_225058,eu,quarto,9,55,1.938,0.0854,0.4229,-49.8217,-13.4819,1
20261001_225058,eu,quarto,9,56,1.983,0.0893,0.4022,-16.3327,-10.3548,1
20261001_225058,eu,quarto,9,57,2.047,0.0838,0.4261,-49.4102,-12.9864,1
20261001_225058,eu,quarto,9,58,2.066,0.0801,0.4353,-49.7415,-13.3899,1
20261001_225058,eu,quarto,9,59,2.111,0.0851,0.4326,-49.1690,-13.9858,1
20261001_225058,eu,quarto,9,60,2.129,0.0865,0.4261,-48.7067,-13.5290,1
20261001_225058,eu,quarto,9,61,2.159,0.0832,0.4148,-48.7819,-15.8095,1
20261001_225058,eu,quarto,9,62,2.177,0.1040,0.4314,-16.1037,-12.8365,1
20261001_225058,eu,quarto,9,63,2.223,0.0935,0.4032,-49.3621,-16.3525,1
20261001_225058,eu,quarto,9,64,2.242,0.1003,0.4239,-49.6985,-16.7785,1
20261001_225058,eu,quarto,9,65,2.287,0.0961,0.4188,-16.7756,-13.0668,1
20261001_225058,eu,quarto,9,66,2.305,0.1055,0.4188,-49.4605,-16.4336,1
20261001_225058,eu,quarto,9,67,2.351,0.0912,0.4200,-49.5917,-17.3335,1
20261001_225058,eu,quarto,9,68,2.399,0.0789,0.4418,-48.8617,-16.1110,1
20261001_225058,eu,quarto,9,69,2.418,0.0898,0.4191,-15.9909,-12.4285,1
20261001_225058,eu,quarto,9,70,2.464,0.0837,0.3905,-48.1341,-18.4909,1
20261001_225058,eu,quarto,9,71,2.482,0.0907,0.4139,-47.6539,-18.6119,1
20261001_225058,eu,quarto,9,72,2.527,0.0752,0.4020,-49.0895,-19.0217,1
20261001_225058,eu,quarto,9,73,2.546,0.0745,0.4024,-15.4334,-15.6299,1
20261001_225058,eu,quarto,9,74,2.592,0.0675,0.3803,-48.6596,-18.7094,1
20261001_225058,eu,quarto,9,75,2.610,0.0715,0.3803,-48.7387,-20.3243,1
20261001_225058,eu,quarto,9,76,2.639,0.0804,0.3803,-48.8866,-20.1130,1
20261001_225058,eu,quarto,9,77,2.657,0.0716,0.3937,-49.2077,-20.9381,1
20261001_225058,eu,quarto,9,78,2.703,0.0815,0.3845,-48.8201,-19.1208,1
20261001_225058,eu,quarto,9,79,2.767,0.0874,0.3885,-49.8563,-17.4576,1
20261001_225058,eu,quarto,9,80,2.785,0.0723,0.3980,-49.4332,-18.8329,1
20261001_225058,eu,quarto,9,81,2.831,0.0864,0.4023,-49.6000,-18.8945,1
20261001_225058,eu,quarto,9,82,2.850,0.0803,0.3956,-15.9383,-15.7722,1
20261001_225058,eu,quarto,9,83,2.879,0.0894,0.3882,-48.7955,-20.4272,1
20261001_225058,eu,quarto,9,84,2.898,0.0904,0.3882,-48.8564,-21.1109,1
20261001_225058,eu,quarto,9,85,2.943,0.0881,0.3866,-49.2209,-19.6956,1
20261001_225058,eu,quarto,9,86,3.008,0.0938,0.3836,-48.5859,-20.4396,1
20261001_225058,eu,quarto,10,0,0.219,0.0978,0.3771,-48.9645,-20.8782,1
20261001_225058,eu,quarto,10,1,0.236,0.0903,0.4017,-49.3641,-21.3783,1
20261001_225058,eu,quarto,10,2,0.253,0.0862,0.3876,-48.3484,-21.6012,1
20261001_225058,eu,quarto,10,3,0.271,0.0998,0.4037,-49.5668,-21.4950,1
20261001_225058,eu,quarto,10,4,0.289,0.0997,0.4037,-49.2004,-21.1690,1
20261001_225058,eu,quarto,10,5,0.308,0.0999,0.4116,-48.9728,-21.5784,1
20261001_225058,eu,quarto,10,6,0.327,0.0942,0.4029,-49.6096,-20.2769,1
20261001_225058,eu,quarto,10,7,0.351,0.0920,0.3926,-48.1180,-19.6492,1
20261001_225058,eu,quarto,10,8,0.370,0.0962,0.3743,-48.3023,-20.5399,1
20261001_225058,eu,quarto,10,9,0.416,0.0853,0.3780,-47.9787,-22.1354,1
20261001_225058,eu,quarto,10,10,0.435,0.0848,0.3781,-47.9264,-21.8359,1
20261001_225058,eu,quarto,10,11,0.480,0.0883,0.3833,-47.0396,-23.2428,1
20261001_225058,eu,quarto,10,12,0.499,0.0856,0.3964,-46.8532,-24.1087,1
20261001_225058,eu,quarto,10,13,0.544,0.0708,0.3846,-45.9641,-20.7689,1
20261001_225058,eu,quarto,10,14,0.608,0.0766,0.3518,-40.0035,-22.2380,1
20261001_225058,eu,quarto,10,15,0.627,0.0862,0.3583,-40.4569,-19.4283,1
20261001_225058,eu,quarto,10,16,0.655,0.0812,0.3370,-33.9262,-22.9234,1
20261001_225058,eu,quarto,10,17,0.675,0.0657,0.3459,-33.9372,-23.7045,1
20261001_225058,eu,quarto,10,18,0.719,0.0699,0.2942,-5.7554,-14.9428,1
20261001_225058,eu,quarto,10,19,0.739,0.0673,0.3212,-5.5115,-15.4482,1
20261001_225058,eu,quarto,10,20,0.784,0.0628,0.2742,-3.0537,-13.8983,1
20261001_225058,eu,quarto,10,21,0.802,0.0671,0.2752,-2.3887,-15.6986,1
20261001_225058,eu,quarto,10,22,0.848,0.0705,0.3101,1.0910,-14.0704,1
20261001_225058,eu,quarto,10,23,0.866,0.0813,0.3186,0.9058,-15.9852,1
20261001_225058,eu,quarto,10,24,0.896,0.0990,0.3195,6.0103,-15.3408,1
20261001_225058,eu,quarto,10,25,0.915,0.0885,0.3266,5.6158,-15.0616,1
20261001_225058,eu,quarto,10,26,0.959,0.0959,0.3072,10.0976,-12.3652,1
20261001_225058,eu,quarto,10,27,1.024,0.0750,0.3645,13.1425,-9.9634,1
20261001_225058,eu,quarto,10,28,1.042,0.0811,0.3505,14.3202,-11.6838,1
20261001_225058,eu,quarto,10,29,1.087,0.0896,0.4040,18.8597,-8.1429,1
20261001_225058,eu,quarto,10,30,1.106,0.0761,0.3810,17.2546,-10.7427,1
20261001_225058,eu,quarto,10,31,1.136,0.1364,0.4042,30.2567,-26.9132,1
20261001_225058,eu,quarto,10,32,1.154,0.1137,0.5106,24.8431,-8.8179,1
20261001_225058,eu,quarto,10,33,1.199,0.1159,0.4699,39.3452,-30.2345,1
20261001_225058,eu,quarto,10,34,1.263,0.2285,0.5086,47.9222,-34.6063,1
20261001_225058,eu,quarto,10,35,1.282,0.1729,0.5263,46.9401,-34.0803,1
20261001_225058,eu,quarto,10,36,1.327,0.3967,0.5427,54.4775,-38.8882,1
20261001_225058,eu,quarto,10,37,1.346,0.3915,0.5365,52.3514,-38.6674,1
20261001_225058,eu,quarto,10,38,1.375,0.2925,0.4817,53.7149,-42.7998,1
20261001_225058,eu,quarto,10,39,1.394,0.3493,0.4724,55.4735,-45.7867,1
20261001_225058,eu,quarto,10,40,1.440,0.4706,0.4733,57.0111,-47.2040,1
20261001_225058,eu,quarto,10,41,1.503,0.3743,0.3747,58.4200,-47.2676,1
20261001_225058,eu,quarto,10,42,1.522,0.3644,0.4733,57.4558,-47.0265,1
20261001_225058,eu,quarto,10,43,1.568,0.4701,0.4383,56.7096,-45.9412,1
20261001_225058,eu,quarto,10,44,1.587,0.4684,0.4725,57.5512,-48.1502,1
20261001_225058,eu,quarto,10,45,1.615,0.4125,0.4633,56.3904,-45.1456,1
20261001_225058,eu,quarto,10,46,1.634,0.3785,0.4761,56.1515,-46.2353,1
20261001_225058,eu,quarto,10,47,1.680,0.3727,0.4498,56.8580,-44.4004,1
20261001_225058,eu,quarto,10,48,1.699,0.3239,0.4483,55.7899,-43.6039,1
20261001_225058,eu,quarto,10,49,1.744,0.3421,0.4267,2.7769,-0.7977,1
20261001_225058,eu,quarto,10,50,1.807,0.3940,0.5665,-70.4013,44.1363,1
20261001_225058,eu,quarto,10,51,1.826,0.3647,0.4370,56.4254,-45.3292,1
20261001_225058,eu,quarto,10,52,1.855,0.5009,0.4634,58.7383,-42.8959,1
20261001_225058,eu,quarto,10,53,1.874,0.5393,0.4889,54.9664,-45.8457,1
20261001_225058,eu,quarto,10,54,1.920,0.5765,0.5008,-71.0805,44.3629,1
20261001_225058,eu,quarto,10,55,1.938,0.5513,0.5246,-70.8980,44.6160,1
20261001_225058,eu,quarto,10,56,1.984,0.5831,0.5117,61.7257,-45.0100,1
20261001_225058,eu,quarto,10,57,2.002,0.6498,0.4828,62.2878,-44.8593,1
20261001_225058,eu,quarto,10,58,2.047,0.7945,0.4632,61.5068,-45.8968,1
20261001_225058,eu,quarto,10,59,2.066,0.5739,0.5139,61.2191,-46.2014,1
20261001_225058,eu,quarto,10,60,2.112,0.5273,0.5779,-70.9066,46.9249,1
20261001_225058,eu,quarto,10,61,2.130,0.9500,0.5351,-71.5624,46.1269,1
20261001_225058,eu,quarto,10,62,2.159,0.5190,0.4962,60.7231,-45.8892,1
20261001_225058,eu,quarto,10,63,2.223,0.7657,0.5268,62.1885,-45.9390,1
20261001_225058,eu,quarto,10,64,2.242,0.6509,0.5182,62.2853,-46.5269,1
20261001_225058,eu,quarto,10,65,2.287,0.4460,0.5603,60.9984,-45.9060,1
20261001_225058,eu,quarto,10,66,2.306,0.6111,0.5591,61.8684,-46.5055,1
20261001_225058,eu,quarto,10,67,2.352,0.4849,0.5117,13.5592,-25.4785,1
20261001_225058,eu,quarto,10,68,2.370,0.7238,0.5241,-15.1319,-17.8603,1
20261001_225058,eu,quarto,10,69,2.399,0.7989,0.4895,62.5317,-44.2187,1
20261001_225058,eu,quarto,10,70,2.418,0.4310,0.5356,62.4045,-46.9800,1
20261001_225058,eu,quarto,10,71,2.464,0.5495,0.5117,64.0364,-42.7772,1
20261001_225058,eu,quarto,10,72,2.528,0.4866,0.4931,40.8408,-6.6539,1
20261001_225058,eu,quarto,10,73,2.546,0.4478,0.4779,41.0924,-7.0859,1
20261001_225058,eu,quarto,10,74,2.591,0.7106,0.5304,65.6525,-37.8221,1
20261001_225058,eu,quarto,10,75,2.610,0.6625,0.5502,43.2716,-3.3994,1
20261001_225058,eu,quarto,10,76,2.639,0.5741,0.4891,42.0046,-5.5466,1
20261001_225058,eu,quarto,10,77,2.658,0.5789,0.5161,42.0147,-4.0230,1
20261001_225058,eu,quarto,10,78,2.703,0.7164,0.5371,42.8578,-4.3236,1
20261001_225058,eu,quarto,10,79,2.768,0.8000,0.5459,61.9006,-43.3944,1
20261001_225058,eu,quarto,10,80,2.787,0.4856,0.5046,60.8236,-43.6646,1
20261001_225058,eu,quarto,10,81,2.832,0.6139,0.5044,62.4924,-46.0735,1
20261001_225058,eu,quarto,10,82,2.851,0.4067,0.5304,-69.8021,42.3841,1
20261001_225058,eu,quarto,10,83,2.880,0.4290,0.4762,27.0309,-16.0722,1
20261001_225058,eu,quarto,10,84,2.898,0.5467,0.4644,60.6561,-44.2745,1
20261001_225058,eu,quarto,10,85,2.943,0.3977,0.5139,-71.0785,44.5388,1
20261001_225058,eu,quarto,10,86,3.008,0.7143,0.5042,-71.4790,44.3776,1
20261001_225058,eu,quarto,11,0,0.220,0.4662,0.4850,60.2306,-44.2084,1
20261001_225058,eu,quarto,11,1,0.240,0.5630,0.4994,60.6087,-44.8236,1
20261001_225058,eu,quarto,11,2,0.259,0.5767,0.4718,61.1204,-44.3017,1
20261001_225058,eu,quarto,11,3,0.303,0.5694,0.4230,60.1285,-43.7890,1
20261001_225058,eu,quarto,11,4,0.322,0.4573,0.4761,-70.9319,44.6125,1
20261001_225058,eu,quarto,11,5,0.351,0.5198,0.4744,61.0309,-46.3051,1
20261001_225058,eu,quarto,11,6,0.416,0.6450,0.4965,-71.6010,46.6670,1
20261001_225058,eu,quarto,11,7,0.434,0.3749,0.5167,-71.1734,43.8805,1
20261001_225058,eu,quarto,11,8,0.480,0.4411,0.4464,58.0715,-42.3831,1
20261001_225058,eu,quarto,11,9,0.498,0.5526,0.4774,58.6059,-42.1562,1
20261001_225058,eu,quarto,11,10,0.545,0.4634,0.4503,26.7636,90.2973,1
20261001_225058,eu,quarto,11,11,0.565,0.6968,0.4589,34.2113,-27.9571,1
20261001_225058,eu,quarto,11,12,0.607,0.3222,0.5066,57.7943,-42.4416,1
20261001_225058,eu,quarto,11,13,0.626,0.3468,0.5182,-9.4122,5.4520,1
20261001_225058,eu,quarto,11,14,0.656,0.2262,0.3958,55.4980,-44.0068,1
20261001_225058,eu,quarto,11,15,0.675,0.2016,0.4030,55.4013,-43.2916,1
20261001_225058,eu,quarto,11,16,0.720,0.2065,0.4397,50.9819,-37.3715,1
20261001_225058,eu,quarto,11,17,0.784,0.1568,0.3920,41.9757,-29.3403,1
20261001_225058,eu,quarto,11,18,0.802,0.2150,0.4222,35.3436,-16.0510,1
20261001_225058,eu,quarto,11,19,0.848,0.1593,0.3053,35.7099,-21.8582,1
20261001_225058,eu,quarto,11,20,0.867,0.1608,0.3186,32.8304,-23.8463,1
20261001_225058,eu,quarto,11,21,0.896,0.1630,0.3691,31.5333,-17.0951,1
20261001_225058,eu,quarto,11,22,0.914,0.1746,0.3499,29.4814,-18.3420,1
20261001_225058,eu,quarto,11,23,0.959,0.1535,0.4214,19.5590,2.7506,1
20261001_225058,eu,quarto,11,24,1.024,0.1216,0.5092,-0.0452,16.0888,1
20261001_225058,eu,quarto,11,25,1.042,0.1226,0.4796,14.3596,10.2099,1
20261001_225058,eu,quarto,11,26,1.089,0.1449,0.4288,12.1089,17.5093,1
20261001_225058,eu,quarto,11,27,1.107,0.1714,0.3962,19.4721,15.3977,1
20261001_225058,eu,quarto,11,28,1.136,0.1222,0.4195,13.6489,25.1426,1
20261001_225058,eu,quarto,11,29,1.154,0.1342,0.3884,14.5667,21.8226,1
20261001_225058,eu,quarto,11,30,1.199,0.1136,0.3573,16.0302,27.0658,1
20261001_225058,eu,quarto,11,31,1.264,0.1069,0.3240,17.2715,25.3419,1
20261001_225058,eu,quarto,11,32,1.283,0.1147,0.3202,14.1639,24.2963,1
20261001_225058,eu,quarto,11,33,1.327,0.1081,0.3008,14.8174,25.7139,1
20261001_225058,eu,quarto,11,34,1.346,0.0978,0.3301,13.5704,27.5386,1
20261001_225058,eu,quarto,11,35,1.375,0.1263,0.3249,15.1781,25.4303,1
20261001_225058,eu,quarto,11,36,1.393,0.1222,0.3390,14.3537,26.6670,1
20261001_225058,eu,quarto,11,37,1.439,0.0924,0.3521,11.9545,25.4913,1
20261001_225058,eu,quarto,11,38,1.458,0.1377,0.3344,10.5347,26.4831,1
20261001_225058,eu,quarto,11,39,1.503,0.0981,0.3679,9.1698,26.1343,1
20261001_225058,eu,quarto,11,40,1.522,0.1319,0.3407,10.1988,26.6584,1
20261001_225058,eu,quarto,11,41,1.567,0.0625,0.3367,6.6812,25.5666,1
20261001_225058,eu,quarto,11,42,1.615,0.1119,0.3600,8.3135,24.0017,1
20261001_225058,eu,quarto,11,43,1.634,0.1113,0.3796,7.7826,26.1975,1
20261001_225058,eu,quarto,11,44,1.679,0.0964,0.3258,5.3159,25.1916,1
20261001_225058,eu,quarto,11,45,1.698,0.0786,0.3408,4.7796,26.5518,1
20261001_225058,eu,quarto,11,46,1.743,0.0960,0.3336,6.4894,25.2484,1
20261001_225058,eu,quarto,11,47,1.762,0.1009,0.3640,7.6220,26.4840,1
20261001_225058,eu,quarto,11,48,1.807,0.0955,0.3796,8.1062,25.1635,1
20261001_225058,eu,quarto,11,49,1.825,0.0959,0.3999,10.0200,25.1672,1
20261001_225058,eu,quarto,11,50,1.856,0.0796,0.4002,9.5536,23.8692,1
20261001_225058,eu,quarto,11,51,1.875,0.0786,0.3796,7.7713,23.7106,1
20261001_225058,eu,quarto,11,52,1.920,0.0880,0.3835,8.6858,24.5455,1
20261001_225058,eu,quarto,11,53,1.983,0.0926,0.3462,8.5882,24.6209,1
20261001_225058,eu,quarto,11,54,2.002,0.1008,0.3532,9.0413,24.7057,1
20261001_225058,eu,quarto,11,55,2.047,0.1033,0.3887,8.5615,25.4294,1
20261001_225058,eu,quarto,11,56,2.066,0.0786,0.3814,8.5654,24.8674,1
20261001_225058,eu,quarto,11,57,2.111,0.1059,0.3741,10.7045,24.7347,1
20261001_225058,eu,quarto,11,58,2.130,0.1133,0.3984,9.6884,24.8882,1
20261001_225058,eu,quarto,11,59,2.160,0.0687,0.3647,8.5513,23.1015,1
20261001_225058,eu,quarto,11,60,2.178,0.0649,0.3843,9.4758,23.4189,1
20261001_225058,eu,quarto,11,61,2.223,0.0990,0.3790,10.2175,24.4416,1
20261001_225058,eu,quarto,11,62,2.288,0.1106,0.3711,9.6138,23.7574,1
20261001_225058,eu,quarto,11,63,2.307,0.0928,0.3889,9.1814,23.0436,1
20261001_225058,eu,quarto,11,64,2.351,0.0764,0.3829,9.7260,23.9360,1
20261001_225058,eu,quarto,11,65,2.370,0.1067,0.3822,9.7452,23.9961,1
20261001_225058,eu,quarto,11,66,2.399,0.0976,0.3868,11.1040,23.3619,1
20261001_225058,eu,quarto,11,67,2.418,0.1172,0.3946,10.9431,22.3701,1
20261001_225058,eu,quarto,11,68,2.463,0.0857,0.3775,10.2775,22.9268,1
20261001_225058,eu,quarto,11,69,2.527,0.1115,0.4075,10.0302,21.9894,1
20261001_225058,eu,quarto,11,70,2.546,0.0997,0.3802,10.6201,21.8364,1
20261001_225058,eu,quarto,11,71,2.591,0.1160,0.3837,11.3761,21.9606,1
20261001_225058,eu,quarto,11,72,2.610,0.1090,0.3984,11.2395,22.2262,1
20261001_225058,eu,quarto,11,73,2.639,0.1060,0.3732,10.5856,19.6270,1
20261001_225058,eu,quarto,11,74,2.658,0.1131,0.3813,11.3651,20.1467,1
20261001_225058,eu,quarto,11,75,2.703,0.1361,0.3717,12.1041,18.7856,1
20261001_225058,eu,quarto,11,76,2.722,0.1119,0.4229,13.0029,19.2010,1
20261001_225058,eu,quarto,11,77,2.767,0.1129,0.3720,10.7777,16.7673,1
20261001_225058,eu,quarto,11,78,2.831,0.0747,0.3525,10.6102,17.6225,1
20261001_225058,eu,quarto,11,79,2.850,0.0963,0.4150,12.1713,17.4782,1
20261001_225058,eu,quarto,11,80,2.879,0.0794,0.4086,8.8860,15.8339,1
20261001_225058,eu,quarto,11,81,2.897,0.1271,0.4420,10.2504,17.4392,1
20261001_225058,eu,quarto,11,82,2.943,0.1094,0.3951,8.4661,16.8651,1
20261001_225058,eu,quarto,11,83,2.962,0.1109,0.4059,9.2037,17.6355,1
20261001_225058,eu,quarto,11,84,3.007,0.1071,0.4050,8.3269,16.2952,1
20261001_225058,eu,quarto,12,0,0.220,0.0539,0.3727,8.7169,15.8555,1
20261001_225058,eu,quarto,12,1,0.238,0.0673,0.4072,9.4282,14.0534,1
20261001_225058,eu,quarto,12,2,0.258,0.0764,0.4339,10.1938,14.8675,1
20261001_225058,eu,quarto,12,3,0.276,0.0495,0.4309,10.4522,14.2827,1
20261001_225058,eu,quarto,12,4,0.295,0.0500,0.4537,10.5436,14.5725,1
20261001_225058,eu,quarto,12,5,0.314,0.0477,0.4396,10.8084,14.6400,1
20261001_225058,eu,quarto,12,6,0.333,0.0706,0.4327,9.7725,14.4037,1
20261001_225058,eu,quarto,12,7,0.352,0.0415,0.4459,12.7858,14.2994,1
20261001_225058,eu,quarto,12,8,0.371,0.0370,0.4422,12.3668,13.6947,1
20261001_225058,eu,quarto,12,9,0.416,0.0729,0.4906,12.4810,12.9751,1
20261001_225058,eu,quarto,12,10,0.480,0.0565,0.5040,17.9211,12.1652,1
20261001_225058,eu,quarto,12,11,0.499,0.0518,0.4805,16.5520,12.3599,1
20261001_225058,eu,quarto,12,12,0.545,0.0506,0.5753,19.8920,12.7170,1
20261001_225058,eu,quarto,12,13,0.563,0.0405,0.5495,19.8079,12.4773,1
20261001_225058,eu,quarto,12,14,0.610,0.0450,0.6853,21.7367,12.2746,1
20261001_225058,eu,quarto,12,15,0.628,0.0439,0.6786,22.8045,11.5906,1
20261001_225058,eu,quarto,12,16,0.657,0.0442,0.7230,21.7806,13.3833,1
20261001_225058,eu,quarto,12,17,0.676,0.0416,0.7700,19.8341,14.0506,1
20261001_225058,eu,quarto,12,18,0.722,0.0933,0.8793,21.1536,11.9908,1
20261001_225058,eu,quarto,12,19,0.785,0.0755,0.9461,22.3908,11.9304,1
20261001_225058,eu,quarto,12,20,0.804,0.0904,0.9647,21.7474,13.0019,1
20261001_225058,eu,quarto,12,21,0.849,0.0674,1.0586,20.1328,13.3532,1
20261001_225058,eu,quarto,12,22,0.869,0.0595,1.0786,-0.0340,15.9595,1
20261001_225058,eu,quarto,12,23,0.896,0.0387,1.1350,22.8198,13.6734,1
20261001_225058,eu,quarto,12,24,0.916,0.0384,1.1642,23.7278,12.2284,1
20261001_225058,eu,quarto,12,25,0.960,0.0772,1.1935,22.4239,12.8321,1
20261001_225058,eu,quarto,12,26,1.025,0.1294,1.2942,27.9154,11.1323,1
20261001_225058,eu,quarto,12,27,1.043,0.1209,1.1971,28.8338,11.6390,1
20261001_225058,eu,quarto,12,28,1.088,0.1548,1.2000,24.8593,13.2876,1
20261001_225058,eu,quarto,12,29,1.107,0.1185,1.2065,27.3843,12.6053,1
20261001_225058,eu,quarto,12,30,1.138,0.1203,1.2742,26.7038,11.9709,1
20261001_225058,eu,quarto,12,31,1.156,0.1257,1.3033,24.4935,13.7147,1
20261001_225058,eu,quarto,12,32,1.200,0.1185,1.2354,24.4581,14.0202,1
20261001_225058,eu,quarto,12,33,1.219,0.1008,1.3303,27.5348,12.8173,1
20261001_225058,eu,quarto,12,34,1.265,0.0776,1.3639,26.4070,13.5723,1
20261001_225058,eu,quarto,12,35,1.284,0.0699,1.3429,25.6733,13.4433,1
20261001_225058,eu,quarto,12,36,1.328,0.1075,1.2670,23.7453,13.8228,1
20261001_225058,eu,quarto,12,37,1.376,0.1002,1.3588,25.3688,12.9432,1
20261001_225058,eu,quarto,12,38,1.395,0.1174,1.1881,26.3368,12.1516,1
20261001_225058,eu,quarto,12,39,1.440,0.0960,1.4520,24.3787,13.8191,1
20261001_225058,eu,quarto,12,40,1.459,0.1077,1.2858,27.2018,13.2313,1
20261001_225058,eu,quarto,12,41,1.503,0.0774,1.5054,23.9894,13.4872,1
20261001_225058,eu,quarto,12,42,1.522,0.0892,1.2096,27.4551,13.0202,1
20261001_225058,eu,quarto,12,43,1.567,0.0842,1.6169,27.0994,13.7580,1
20261001_225058,eu,quarto,12,44,1.586,0.0940,1.5286,27.3287,14.1555,1
20261001_225058,eu,quarto,12,45,1.615,0.0745,1.6852,29.9158,12.8398,1
20261001_225058,eu,quarto,12,46,1.634,0.0635,1.5833,25.9378,13.8438,1
20261001_225058,eu,quarto,12,47,1.680,0.0788,1.5169,22.9529,12.9619,1
20261001_225058,eu,quarto,12,48,1.743,0.0496,1.5836,24.7859,12.1604,1
20261001_225058,eu,quarto,12,49,1.763,0.0662,1.7245,26.1436,12.3462,1
20261001_225058,eu,quarto,12,50,1.808,0.0639,1.6880,29.4080,12.7429,1
20261001_225058,eu,quarto,12,51,1.827,0.0708,1.6304,26.2033,11.3313,1
20261001_225058,eu,quarto,12,52,1.856,0.0658,1.7805,29.9264,12.4279,1
20261001_225058,eu,quarto,12,53,1.875,0.0640,1.7355,27.8148,12.5201,1
20261001_225058,eu,quarto,12,54,1.921,0.0697,1.7704,26.0758,13.7920,1
20261001_225058,eu,quarto,12,55,1.984,0.0548,1.7559,30.2993,12.5771,1
20261001_225058,eu,quarto,12,56,2.003,0.0490,1.7790,30.6841,12.0544,1
20261001_225058,eu,quarto,12,57,2.048,0.0651,1.7369,27.7439,12.7565,1
20261001_225058,eu,quarto,12,58,2.067,0.0924,1.7068,31.5956,12.6328,1
20261001_225058,eu,quarto,12,59,2.113,0.0985,1.6212,29.2221,11.6337,1
20261001_225058,eu,quarto,12,60,2.131,0.0728,1.6927,29.7219,12.2077,1
20261001_225058,eu,quarto,12,61,2.161,0.0706,1.7885,24.5302,12.2801,1
20261001_225058,eu,quarto,12,62,2.179,0.0774,1.7224,29.4093,13.1507,1
20261001_225058,eu,quarto,12,63,2.224,0.0766,1.8607,27.3697,13.4443,1
20261001_225058,eu,quarto,12,64,2.289,0.0942,1.7976,29.9346,12.7542,1
20261001_225058,eu,quarto,12,65,2.307,0.0927,1.6647,30.1727,12.3403,1
20261001_225058,eu,quarto,12,66,2.353,0.0794,1.9466,30.9991,12.2374,1
20261001_225058,eu,quarto,12,67,2.371,0.0902,1.8487,29.8154,12.0763,1
20261001_225058,eu,quarto,12,68,2.400,0.0938,1.7658,29.6817,12.2082,1
20261001_225058,eu,quarto,12,69,2.419,0.1099,1.6600,29.1216,12.4608,1
20261001_225058,eu,quarto,12,70,2.464,0.0886,1.5860,27.1410,12.7113,1
20261001_225058,eu,quarto,12,71,2.483,0.0866,1.6580,28.5045,12.8721,1
20261001_225058,eu,quarto,12,72,2.528,0.1009,1.7428,28.4645,11.9461,1
20261001_225058,eu,quarto,12,73,2.594,0.1004,1.6347,30.7251,11.6309,1
20261001_225058,eu,quarto,12,74,2.612,0.0939,1.7021,28.9481,11.9993,1
20261001_225058,eu,quarto,12,75,2.640,0.0813,1.8383,29.6324,12.9446,1
20261001_225058,eu,quarto,12,76,2.659,0.0868,1.8729,31.1412,12.1573,1
20261001_225058,eu,quarto,12,77,2.704,0.0784,1.6849,30.6621,12.1300,1
20261001_225058,eu,quarto,12,78,2.723,0.0841,1.6212,27.8471,12.2087,1
20261001_225058,eu,quarto,12,79,2.768,0.0870,1.6413,31.4480,11.6845,1
20261001_225058,eu,quarto,12,80,2.787,0.0869,1.6093,31.5963,11.6405,1
20261001_225058,eu,quarto,12,81,2.833,0.0883,1.6961,30.9237,12.5354,1
20261001_225058,eu,quarto,12,82,2.851,0.1067,1.6787,30.9399,12.5144,1
20261001_225058,eu,quarto,12,83,2.880,0.0909,1.6707,30.2187,12.8087,1
20261001_225058,eu,quarto,12,84,2.899,0.0769,1.7131,29.4049,13.1003,1
20261001_225058,eu,quarto,12,85,2.945,0.0756,1.6425,28.5305,12.9958,1
20261001_225058,eu,quarto,12,86,3.008,0.0853,1.5054,27.1530,13.3801,1
20261001_225058,eu,quarto,13,0,0.219,0.1036,1.4926,24.1921,14.7877,1
20261001_225058,eu,quarto,13,1,0.236,0.1150,1.4467,24.1714,14.4920,1
20261001_225058,eu,quarto,13,2,0.254,0.0742,1.5967,24.6038,15.0611,1
20261001_225058,eu,quarto,13,3,0.273,0.0946,1.5528,29.4334,13.5166,1
20261001_225058,eu,quarto,13,4,0.292,0.0901,1.5351,28.1279,13.4197,1
20261001_225058,eu,quarto,13,5,0.310,0.0756,1.5809,25.3875,13.5201,1
20261001_225058,eu,quarto,13,6,0.329,0.0834,1.5810,25.3255,13.9472,1
20261001_225058,eu,quarto,13,7,0.350,0.0805,1.6160,24.6540,14.5432,1
20261001_225058,eu,quarto,13,8,0.369,0.0818,1.6254,25.4594,14.8928,1
20261001_225058,eu,quarto,13,9,0.415,0.0788,1.5838,26.7082,14.4076,1
20261001_225058,eu,quarto,13,10,0.479,0.0527,1.6325,21.9127,13.9142,1
20261001_225058,eu,quarto,13,11,0.498,0.0605,1.6181,25.2645,13.4960,1
20261001_225058,eu,quarto,13,12,0.544,0.0726,1.6133,23.9431,14.1716,1
20261001_225058,eu,quarto,13,13,0.561,0.0460,1.5174,24.0480,14.3555,1
20261001_225058,eu,quarto,13,14,0.606,0.0757,1.5508,27.2513,13.3362,1
20261001_225058,eu,quarto,13,15,0.625,0.0529,1.5295,22.2689,15.5268,1
20261001_225058,eu,quarto,13,16,0.656,0.0624,1.4378,22.7203,14.1717,1
20261001_225058,eu,quarto,13,17,0.674,0.0526,1.3721,21.1451,13.9028,1
20261001_225058,eu,quarto,13,18,0.720,0.0733,1.6243,25.8293,13.8605,1
20261001_225058,eu,quarto,13,19,0.784,0.0997,1.5266,22.9709,15.0401,1
20261001_225058,eu,quarto,13,20,0.803,0.0823,1.5567,24.5138,14.3824,1
20261001_225058,eu,quarto,13,21,0.848,0.1077,1.5620,22.1539,14.5846,1
20261001_225058,eu,quarto,13,22,0.866,0.0872,1.6483,25.5089,14.2869,1
20261001_225058,eu,quarto,13,23,0.896,0.0866,1.5440,23.3330,14.2388,1
20261001_225058,eu,quarto,13,24,0.914,0.0870,1.5170,23.0258,14.8452,1
20261001_225058,eu,quarto,13,25,0.959,0.0857,1.5625,24.5991,13.9894,1
20261001_225058,eu,quarto,13,26,0.978,0.0855,1.5859,24.0682,13.7640,1
20261001_225058,eu,quarto,13,27,1.025,0.0655,1.6012,23.6094,14.4609,1
20261001_225058,eu,quarto,13,28,1.044,0.0728,1.6276,22.4725,13.8996,1
20261001_225058,eu,quarto,13,29,1.088,0.0777,1.5594,20.8680,15.4273,1
20261001_225058,eu,quarto,13,30,1.106,0.0780,1.5327,21.9615,14.7008,1
20261001_225058,eu,quarto,13,31,1.136,0.0945,1.5451,23.7925,14.3626,1
20261001_225058,eu,quarto,13,32,1.199,0.0965,1.4654,18.6238,13.5759,1
20261001_225058,eu,quarto,13,33,1.217,0.0906,1.4401,19.7351,14.7437,1
20261001_225058,eu,quarto,13,34,1.262,0.0646,1.3104,15.4199,16.8410,1
20261001_225058,eu,quarto,13,35,1.282,0.0822,1.3055,15.8777,17.3576,1
20261001_225058,eu,quarto,13,36,1.326,0.0758,1.2645,15.5956,16.4581,1
20261001_225058,eu,quarto,13,37,1.345,0.0746,1.2696,15.8066,16.4579,1
20261001_225058,eu,quarto,13,38,1.374,0.0624,1.2967,15.8710,16.2602,1
20261001_225058,eu,quarto,13,39,1.393,0.0644,1.3075,16.1050,16.4742,1
20261001_225058,eu,quarto,13,40,1.439,0.1037,1.1539,14.0426,17.0549,1
20261001_225058,eu,quarto,13,41,1.502,0.1071,1.1666,12.3803,17.3261,1
20261001_225058,eu,quarto,13,42,1.521,0.0879,1.1305,12.4458,17.1225,1
20261001_225058,eu,quarto,13,43,1.566,0.0683,1.2020,13.5785,16.4635,1
20261001_225058,eu,quarto,13,44,1.585,0.0728,1.1743,11.9764,17.4135,1
20261001_225058,eu,quarto,13,45,1.614,0.0408,1.1129,9.2019,17.2200,1
20261001_225058,eu,quarto,13,46,1.632,0.0485,1.1677,11.3912,16.2875,1
20261001_225058,eu,quarto,13,47,1.678,0.0475,1.0543,9.6648,15.0457,1
20261001_225058,eu,quarto,13,48,1.742,0.0449,0.9871,7.0907,14.4646,1
20261001_225058,eu,quarto,13,49,1.760,0.0484,1.0190,9.6744,13.2856,1
20261001_225058,eu,quarto,13,50,1.807,0.0577,0.9616,6.2999,14.7262,1
20261001_225058,eu,quarto,13,51,1.826,0.0542,1.0382,8.2765,16.2864,1
20261001_225058,eu,quarto,13,52,1.855,0.0511,0.9457,6.4894,15.4868,1
20261001_225058,eu,quarto,13,53,1.874,0.0455,0.9800,7.5982,16.7399,1
20261001_225058,eu,quarto,13,54,1.919,0.0481,0.9078,6.0583,15.7042,1
20261001_225058,eu,quarto,13,55,1.983,0.0310,0.9998,7.5354,15.1747,1
20261001_225058,eu,quarto,13,56,2.002,0.0274,1.0115,8.3549,15.5310,1
20261001_225058,eu,quarto,13,57,2.043,0.0333,1.0057,5.0649,14.2419,1
20261001_225058,eu,quarto,13,58,2.062,0.0264,0.9993,5.3099,14.8843,1
20261001_225058,eu,quarto,13,59,2.111,0.0303,0.9242,4.4135,12.6648,1
20261001_225058,eu,quarto,13,60,2.130,0.0469,0.9418,5.1201,12.7733,1
20261001_225058,eu,quarto,13,61,2.159,0.0382,0.8763,4.6622,10.3818,1
20261001_225058,eu,quarto,13,62,2.178,0.0322,0.8375,4.6882,11.2963,1
20261001_225058,eu,quarto,13,63,2.223,0.0278,0.7480,3.4429,10.2325,1
20261001_225058,eu,quarto,13,64,2.242,0.0331,0.7110,4.7554,11.7831,1
20261001_225058,eu,quarto,13,65,2.287,0.0400,0.7239,3.5885,10.4870,1
20261001_225058,eu,quarto,13,66,2.306,0.0373,0.6906,4.6914,10.4753,1
20261001_225058,eu,quarto,13,67,2.351,0.0411,0.6826,5.2305,10.0883,1
20261001_225058,eu,quarto,13,68,2.399,0.0477,0.6826,5.5955,6.5381,1
20261001_225058,eu,quarto,13,69,2.417,0.0652,0.6767,4.8569,7.6504,1
20261001_225058,eu,quarto,13,70,2.462,0.1499,0.6428,4.5801,1.2605,1
20261001_225058,eu,quarto,13,71,2.481,0.1112,0.7361,1.6391,3.2849,1
20261001_225058,eu,quarto,13,72,2.527,0.1447,0.6344,0.1039,3.8003,1
20261001_225058,eu,quarto,13,73,2.546,0.1560,0.6965,-0.6917,4.7520,1
20261001_225058,eu,quarto,13,74,2.591,0.1499,0.6558,-1.2263,6.6370,1
20261001_225058,eu,quarto,13,75,2.610,0.1451,0.6223,1.9416,5.1559,1
20261001_225058,eu,quarto,13,76,2.640,0.1289,0.6381,3.8581,2.8907,1
20261001_225058,eu,quarto,13,77,2.658,0.1500,0.5958,-2.2598,4.9805,1
20261001_225058,eu,quarto,13,78,2.703,0.1382,0.5835,1.9674,3.3895,1
20261001_225058,eu,quarto,13,79,2.767,0.1357,0.5901,4.1046,2.4268,1
20261001_225058,eu,quarto,13,80,2.785,0.1399,0.5891,0.9065,3.4596,1
20261001_225058,eu,quarto,13,81,2.831,0.1521,0.6317,2.8395,-0.5128,1
20261001_225058,eu,quarto,13,82,2.849,0.1409,0.6526,1.5876,2.1488,1
20261001_225058,eu,quarto,13,83,2.879,0.1246,0.6093,3.0585,2.4867,1
20261001_225058,eu,quarto,13,84,2.898,0.1203,0.6957,-1.0341,3.2960,1
20261001_225058,eu,quarto,13,85,2.942,0.1225,0.7370,1.4803,4.5133,1
20261001_225058,eu,quarto,13,86,3.007,0.0955,0.6657,0.4423,4.0723,1
20261001_225058,eu,quarto,14,0,0.220,0.1417,0.5957,1.0289,0.7256,1
20261001_225058,eu,quarto,14,1,0.236,0.1249,0.6034,0.0491,2.7800,1
20261001_225058,eu,quarto,14,2,0.255,0.1218,0.7484,1.6539,0.7791,1
20261001_225058,eu,quarto,14,3,0.274,0.1260,0.7014,-0.7308,4.7146,1
20261001_225058,eu,quarto,14,4,0.293,0.1415,0.6733,-0.4942,3.0364,1
20261001_225058,eu,quarto,14,5,0.312,0.1157,0.6339,-0.9675,2.5330,1
20261001_225058,eu,quarto,14,6,0.330,0.1247,0.5869,1.7745,1.6779,1
20261001_225058,eu,quarto,14,7,0.351,0.1011,0.6499,-1.0444,2.7285,1
20261001_225058,eu,quarto,14,8,0.369,0.1204,0.6661,0.7087,2.9806,1
20261001_225058,eu,quarto,14,9,0.415,0.1302,0.7155,-1.9353,2.0706,1
20261001_225058,eu,quarto,14,10,0.434,0.1224,0.6613,-3.2111,1.2323,1
20261001_225058,eu,quarto,14,11,0.479,0.0662,0.7531,-0.9743,-0.2305,1
20261001_225058,eu,quarto,14,12,0.498,0.0755,0.7698,0.7131,-0.1421,1
20261001_225058,eu,quarto,14,13,0.544,0.0472,0.7543,1.2822,2.6826,1
20261001_225058,eu,quarto,14,14,0.608,0.0500,0.7019,-0.6612,-2.8678,1
20261001_225058,eu,quarto,14,15,0.626,0.0623,0.6964,0.8934,-2.2406,1
20261001_225058,eu,quarto,14,16,0.654,0.0454,0.6681,-0.7909,-5.6111,1
20261001_225058,eu,quarto,14,17,0.673,0.0487,0.6888,-0.9990,-4.5064,1
20261001_225058,eu,quarto,14,18,0.718,0.0560,0.7363,-0.0250,-3.4637,1
20261001_225058,eu,quarto,14,19,0.738,0.0608,0.7285,-0.2946,-1.6221,1
20261001_225058,eu,quarto,14,20,0.783,0.0677,0.7570,0.3330,-2.4461,1
20261001_225058,eu,quarto,14,21,0.802,0.0634,0.7058,0.1468,-1.9634,1
20261001_225058,eu,quarto,14,22,0.848,0.0572,0.8716,0.6621,5.7959,1
20261001_225058,eu,quarto,14,23,0.866,0.0648,0.8586,0.2987,4.5554,1
20261001_225058,eu,quarto,14,24,0.895,0.0623,0.8293,3.4578,3.4190,1
20261001_225058,eu,quarto,14,25,0.960,0.0531,0.8335,-0.9462,3.7191,1
20261001_225058,eu,quarto,14,26,0.979,0.0551,0.8554,-0.4652,4.2234,1
20261001_225058,eu,quarto,14,27,1.023,0.0531,0.8091,1.2345,3.9378,1
20261001_225058,eu,quarto,14,28,1.042,0.0436,0.8046,-0.2322,4.5111,1
20261001_225058,eu,quarto,14,29,1.088,0.0567,0.5966,3.4873,4.9362,1
20261001_225058,eu,quarto,14,30,1.107,0.0581,0.6380,3.0314,4.1297,1
20261001_225058,eu,quarto,14,31,1.135,0.0461,0.5340,1.7904,3.1169,1
20261001_225058,eu,quarto,14,32,1.154,0.0567,0.5485,-0.1660,1.4334,1
20261001_225058,eu,quarto,14,33,1.200,0.0564,0.5407,3.2984,1.3642,1
20261001_225058,eu,quarto,14,34,1.263,0.0752,0.4911,2.6523,1.7072,1
20261001_225058,eu,quarto,14,35,1.282,0.0845,0.4976,2.4911,1.4023,1
20261001_225058,eu,quarto,14,36,1.327,0.1133,0.4901,1.1079,1.4301,1
20261001_225058,eu,quarto,14,37,1.346,0.0965,0.4767,0.8885,1.9813,1
20261001_225058,eu,quarto,14,38,1.375,0.1280,0.4903,2.6373,2.1455,1
20261001_225058,eu,quarto,14,39,1.393,0.1176,0.4981,1.9375,1.9077,1
20261001_225058,eu,quarto,14,40,1.439,0.1403,0.4445,1.5230,1.9799,1
20261001_225058,eu,quarto,14,41,1.503,0.1290,0.4160,1.3679,3.0898,1
20261001_225058,eu,quarto,14,42,1.522,0.1400,0.4083,2.0312,3.4606,1
20261001_225058,eu,quarto,14,43,1.567,0.1323,0.4060,1.9521,3.6625,1
20261001_225058,eu,quarto,14,44,1.586,0.1419,0.3920,0.5663,4.3239,1
20261001_225058,eu,quarto,14,45,1.615,0.1224,0.4045,0.7575,3.9566,1
20261001_225058,eu,quarto,14,46,1.634,0.1399,0.3981,2.1516,4.5424,1
20261001_225058,eu,quarto,14,47,1.679,0.1511,0.3884,1.4195,4.8684,1
20261001_225058,eu,quarto,14,48,1.697,0.1532,0.3884,1.8494,4.9863,1
20261001_225058,eu,quarto,14,49,1.743,0.1311,0.3913,3.0691,6.0749,1
20261001_225058,eu,quarto,14,50,1.807,0.1388,0.3772,2.3983,7.0554,1
20261001_225058,eu,quarto,14,51,1.826,0.1596,0.3781,1.8128,8.1506,1
20261001_225058,eu,quarto,14,52,1.855,0.1473,0.3778,2.7824,9.3524,1
20261001_225058,eu,quarto,14,53,1.874,0.1443,0.3927,2.1691,10.0294,1
20261001_225058,eu,quarto,14,54,1.919,0.1473,0.4775,3.8991,10.2822,1
20261001_225058,eu,quarto,14,55,1.937,0.1599,0.4778,4.8669,10.2145,1
20261001_225058,eu,quarto,14,56,1.983,0.1462,0.5710,7.4968,11.0249,1
20261001_225058,eu,quarto,14,57,2.002,0.1420,0.5797,8.4058,10.7464,1
20261001_225058,eu,quarto,14,58,2.048,0.1363,0.6471,6.3028,13.5756,1
20261001_225058,eu,quarto,14,59,2.066,0.1418,0.6455,6.7297,13.3389,1
20261001_225058,eu,quarto,14,60,2.094,0.1312,0.8076,9.0453,13.1521,1
20261001_225058,eu,quarto,14,61,2.159,0.0851,0.9427,10.5642,15.0166,1
20261001_225058,eu,quarto,14,62,2.178,0.0737,0.9404,8.4784,15.6888,1
20261001_225058,eu,quarto,14,63,2.223,0.0407,1.0160,7.0659,15.5493,1
20261001_225058,eu,quarto,14,64,2.242,0.0386,1.0322,7.0369,15.4889,1
20261001_225058,eu,quarto,14,65,2.289,0.0423,1.0817,3.0485,15.8108,1
20261001_225058,eu,quarto,14,66,2.307,0.0229,1.1404,4.2518,15.2187,1
20261001_225058,eu,quarto,14,67,2.347,0.0367,1.1251,0.4959,15.5283,1
20261001_225058,eu,quarto,14,68,2.366,0.0335,1.1463,2.3752,16.0898,1
20261001_225058,eu,quarto,14,69,2.399,0.0693,1.1312,-1.4024,17.0301,1
20261001_225058,eu,quarto,14,70,2.417,0.0558,1.1494,-0.4322,16.6146,1
20261001_225058,eu,quarto,14,71,2.464,0.0590,1.1131,-0.6958,15.8008,1
20261001_225058,eu,quarto,14,72,2.528,0.0540,0.9195,0.2619,16.7552,1
20261001_225058,eu,quarto,14,73,2.547,0.0451,0.8825,3.5504,18.1274,1
20261001_225058,eu,quarto,14,74,2.591,0.0459,0.8415,3.3265,17.2230,1
20261001_225058,eu,quarto,14,75,2.610,0.0401,0.8243,5.4318,17.7227,1
20261001_225058,eu,quarto,14,76,2.641,0.0649,0.6699,5.7718,16.8416,1
20261001_225058,eu,quarto,14,77,2.661,0.0525,0.6699,3.3908,16.0793,1
20261001_225058,eu,quarto,14,78,2.704,0.0397,0.6028,3.9403,16.1283,1
20261001_225058,eu,quarto,14,79,2.767,0.0268,0.5328,4.3192,15.7209,1
20261001_225058,eu,quarto,14,80,2.785,0.0336,0.5320,4.1937,14.8871,1
20261001_225058,eu,quarto,14,81,2.831,0.0617,0.4915,2.6286,14.6680,1
20261001_225058,eu,quarto,14,82,2.850,0.0572,0.4913,2.2982,14.5711,1
20261001_225058,eu,quarto,14,83,2.879,0.0955,0.4536,2.9508,13.6367,1
20261001_225058,eu,quarto,14,84,2.898,0.0953,0.4386,1.4954,13.2678,1
20261001_225058,eu,quarto,14,85,2.943,0.0983,0.4084,5.2003,13.5072,1
20261001_225058,eu,quarto,14,86,3.004,0.1255,0.3943,5.2624,14.3876,1
20261001_225058,eu,quarto,15,0,0.221,0.1543,0.3915,3.0364,11.9846,1
20261001_225058,eu,quarto,15,1,0.243,0.1656,0.3788,5.4960,11.3955,1
20261001_225058,eu,quarto,15,2,0.262,0.1660,0.3633,5.7004,11.9448,1
20261001_225058,eu,quarto,15,3,0.307,0.1739,0.3689,5.9552,10.0168,1
20261001_225058,eu,quarto,15,4,0.355,0.1680,0.3858,3.5441,9.4445,1
20261001_225058,eu,quarto,15,5,0.374,0.1709,0.3861,5.4045,10.2504,1
20261001_225058,eu,quarto,15,6,0.419,0.1768,0.3825,4.8620,9.6793,1
20261001_225058,eu,quarto,15,7,0.438,0.1775,0.3768,5.8094,9.8830,1
20261001_225058,eu,quarto,15,8,0.483,0.1883,0.3845,2.7325,10.7722,1
20261001_225058,eu,quarto,15,9,0.503,0.2085,0.3921,3.4732,10.1531,1
20261001_225058,eu,quarto,15,10,0.547,0.2217,0.3826,3.3611,9.9293,1
20261001_225058,eu,quarto,15,11,0.566,0.2215,0.3828,3.3611,9.9293,1
20261001_225058,eu,quarto,15,12,0.597,0.2142,0.3770,4.7072,10.4506,1
20261001_225058,eu,quarto,15,13,0.615,0.1964,0.3769,4.5513,9.9962,1
20261001_225058,eu,quarto,15,14,0.660,0.1868,0.3906,6.5047,10.3131,1
20261001_225058,eu,quarto,15,15,0.678,0.1869,0.3846,6.3257,10.5839,1
20261001_225058,eu,quarto,15,16,0.723,0.0733,0.3750,4.9955,11.3760,1
20261001_225058,eu,quarto,15,17,0.786,0.0386,0.4049,2.4935,13.4506,1
20261001_225058,eu,quarto,15,18,0.805,0.0322,0.3969,3.1436,13.4506,1
20261001_225058,eu,quarto,15,19,0.852,0.0389,0.3831,3.0408,12.8322,1
20261001_225058,eu,quarto,15,20,0.871,0.0523,0.3909,4.0346,14.2211,1
20261001_225058,eu,quarto,15,21,0.898,0.0381,0.4096,3.9201,12.2591,1
20261001_225058,eu,quarto,15,22,0.917,0.0544,0.3951,4.3608,11.6210,1
20261001_225058,eu,quarto,15,23,0.962,0.0377,0.3950,3.9243,11.1543,1
20261001_225058,eu,quarto,15,24,1.027,0.0267,0.3956,3.7156,12.4249,1
20261001_225058,eu,quarto,15,25,1.047,0.0394,0.4098,3.3970,12.5448,1
20261001_225058,eu,quarto,15,26,1.090,0.0513,0.3889,3.5879,13.1486,1
20261001_225058,eu,quarto,15,27,1.109,0.0395,0.4033,3.7931,12.6538,1
20261001_225058,eu,quarto,15,28,1.140,0.0349,0.3829,4.5779,14.0129,1
20261001_225058,eu,quarto,15,29,1.159,0.0383,0.3829,6.1289,13.2376,1
20261001_225058,eu,quarto,15,30,1.202,0.0465,0.3906,4.7963,14.6948,1
20261001_225058,eu,quarto,15,31,1.269,0.0457,0.3809,7.1664,14.6291,1
20261001_225058,eu,quarto,15,32,1.287,0.0269,0.3968,5.7080,15.0540,1
20261001_225058,eu,quarto,15,33,1.331,0.0302,0.3750,6.3497,13.6376,1
20261001_225058,eu,quarto,15,34,1.350,0.0519,0.3906,5.1072,14.4476,1
20261001_225058,eu,quarto,15,35,1.379,0.0368,0.3872,4.4187,14.8421,1
20261001_225058,eu,quarto,15,36,1.398,0.0250,0.3888,5.3741,15.0138,1
20261001_225058,eu,quarto,15,37,1.443,0.0248,0.3906,5.9053,14.8148,1
20261001_225058,eu,quarto,15,38,1.462,0.0377,0.4064,6.4536,15.2363,1
20261001_225058,eu,quarto,15,39,1.507,0.0245,0.4051,5.1712,16.1237,1
20261001_225058,eu,quarto,15,40,1.571,0.0328,0.3953,6.3437,13.8690,1
20261001_225058,eu,quarto,15,41,1.589,0.0329,0.3892,5.4421,14.2700,1
20261001_225058,eu,quarto,15,42,1.618,0.0174,0.3907,7.0499,14.9278,1
20261001_225058,eu,quarto,15,43,1.637,0.0073,0.3847,6.6477,15.1851,1
20261001_225058,eu,quarto,15,44,1.682,0.0466,0.3756,6.3199,14.7524,1
20261001_225058,eu,quarto,15,45,1.701,0.0253,0.3811,5.7212,14.3882,1
20261001_225058,eu,quarto,15,46,1.746,0.0427,0.3909,6.1581,13.9780,1
20261001_225058,eu,quarto,15,47,1.765,0.0404,0.3834,5.8012,13.4978,1
20261001_225058,eu,quarto,15,48,1.811,0.0717,0.4114,9.2710,14.0367,1
20261001_225058,eu,quarto,15,49,1.829,0.0735,0.4049,9.0842,13.6665,1
20261001_225058,eu,quarto,15,50,1.859,0.1269,0.3969,8.4153,12.7019,1
20261001_225058,eu,quarto,15,51,1.878,0.1269,0.3908,8.6403,12.7841,1
20261001_225058,eu,quarto,15,52,1.923,0.1467,0.3953,8.4903,13.0549,1
20261001_225058,eu,quarto,15,53,1.987,0.1727,0.4265,10.0244,12.2514,1
20261001_225058,eu,quarto,15,54,2.005,0.1661,0.4195,7.9855,12.4261,1
20261001_225058,eu,quarto,15,55,2.051,0.1868,0.4100,10.1771,12.5333,1
20261001_225058,eu,quarto,15,56,2.070,0.1861,0.4034,8.2935,12.8378,1
20261001_225058,eu,quarto,15,57,2.099,0.1939,0.3936,9.4048,11.7363,1
20261001_225058,eu,quarto,15,58,2.117,0.1861,0.3877,10.5157,11.0412,1
20261001_225058,eu,quarto,15,59,2.163,0.1878,0.4049,6.8973,11.8010,1
20261001_225058,eu,quarto,15,60,2.225,0.2092,0.3751,8.2113,11.6199,1
20261001_225058,eu,quarto,15,61,2.243,0.2092,0.3811,8.0034,11.4856,1
20261001_225058,eu,quarto,15,62,2.291,0.1972,0.4047,7.4930,11.4909,1
20261001_225058,eu,quarto,15,63,2.310,0.2091,0.3969,7.0621,11.8143,1
20261001_225058,eu,quarto,15,64,2.355,0.2135,0.4064,6.0434,11.0646,1
20261001_225058,eu,quarto,15,65,2.374,0.2135,0.3909,6.0434,11.0646,1
20261001_225058,eu,quarto,15,66,2.402,0.2086,0.4064,5.9581,11.1500,1
20261001_225058,eu,quarto,15,67,2.421,0.2061,0.4207,6.6046,10.9551,1
20261001_225058,eu,quarto,15,68,2.467,0.1978,0.3907,8.0257,11.1801,1
20261001_225058,eu,quarto,15,69,2.530,0.0511,0.3809,7.0608,10.7253,1
20261001_225058,eu,quarto,15,70,2.549,0.0599,0.3753,5.9010,11.0705,1
20261001_225058,eu,quarto,15,71,2.595,0.0386,0.3966,4.1016,11.2832,1
20261001_225058,eu,quarto,15,72,2.613,0.0407,0.4128,4.8278,11.5432,1
20261001_225058,eu,quarto,15,73,2.644,0.0424,0.3751,6.4890,12.1016,1
20261001_225058,eu,quarto,15,74,2.662,0.0416,0.3751,5.3073,11.8988,1
20261001_225058,eu,quarto,15,75,2.707,0.0400,0.4034,5.4754,11.5967,1
20261001_225058,eu,quarto,15,76,2.771,0.0500,0.4127,6.5197,11.5201,1
20261001_225058,eu,quarto,15,77,2.790,0.0562,0.4129,5.0769,11.3763,1
20261001_225058,eu,quarto,15,78,2.835,0.0577,0.4034,6.6631,10.8674,1
20261001_225058,eu,quarto,15,79,2.853,0.0561,0.4106,7.0476,9.3541,1
20261001_225058,eu,quarto,15,80,2.883,0.0537,0.3970,6.9131,10.6570,1
20261001_225058,eu,quarto,15,81,2.902,0.0426,0.4034,5.4674,10.3355,1
20261001_225058,eu,quarto,15,82,2.947,0.0410,0.4129,6.0076,10.3686,1
20261001_225058,eu,quarto,15,83,2.966,0.0394,0.4287,6.3194,10.4713,1
20261001_225058,eu,quarto,15,84,3.011,0.0383,0.3693,5.2385,9.2653,1
20261001_225058,eu,quarto,16,0,0.220,0.0399,0.3970,4.9239,6.9746,1
20261001_225058,eu,quarto,16,1,0.236,0.0355,0.3970,4.0163,7.8519,1
20261001_225058,eu,quarto,16,2,0.255,0.0412,0.3811,4.0163,7.8519,1
20261001_225058,eu,quarto,16,3,0.274,0.0413,0.3908,3.7337,8.1476,1
20261001_225058,eu,quarto,16,4,0.292,0.0515,0.3753,3.3460,8.6455,1
20261001_225058,eu,quarto,16,5,0.310,0.0433,0.3970,4.6537,8.1240,1
20261001_225058,eu,quarto,16,6,0.328,0.0450,0.3908,4.8788,7.1827,1
20261001_225058,eu,quarto,16,7,0.352,0.0378,0.3810,3.3999,6.9250,1
20261001_225058,eu,quarto,16,8,0.371,0.0454,0.3810,2.9408,6.8861,1
20261001_225058,eu,quarto,16,9,0.418,0.0587,0.4062,3.4995,8.4346,1
20261001_225058,eu,quarto,16,10,0.480,0.0602,0.3908,4.0575,8.5474,1
20261001_225058,eu,quarto,16,11,0.499,0.0546,0.3908,2.7236,8.4812,1
20261001_225058,eu,quarto,16,12,0.545,0.0412,0.4195,4.0481,7.6746,1
20261001_225058,eu,quarto,16,13,0.563,0.0629,0.3873,3.6416,7.6895,1
20261001_225058,eu,quarto,16,14,0.591,0.0425,0.4035,2.1903,6.4222,1
20261001_225058,eu,quarto,16,15,0.610,0.0418,0.4034,2.1903,6.4222,1
20261001_225058,eu,quarto,16,16,0.658,0.0594,0.3968,3.6048,8.8134,1
20261001_225058,eu,quarto,16,17,0.720,0.0460,0.4125,3.7983,8.0784,1
20261001_225058,eu,quarto,16,18,0.738,0.0434,0.4061,3.3292,8.2593,1
20261001_225058,eu,quarto,16,19,0.785,0.0450,0.4114,4.7563,8.4202,1
20261001_225058,eu,quarto,16,20,0.804,0.0501,0.3890,4.3928,8.4340,1
20261001_225058,eu,quarto,16,21,0.848,0.0547,0.4418,3.5934,8.6914,1
20261001_225058,eu,quarto,16,22,0.866,0.0547,0.4262,3.5011,9.4939,1
20261001_225058,eu,quarto,16,23,0.896,0.0471,0.4178,3.7917,9.2934,1
20261001_225058,eu,quarto,16,24,0.915,0.0533,0.4193,3.2865,9.4672,1
20261001_225058,eu,quarto,16,25,0.959,0.0565,0.4273,4.7114,10.2372,1
20261001_225058,eu,quarto,16,26,1.025,0.0622,0.4286,2.9113,9.9397,1
20261001_225058,eu,quarto,16,27,1.043,0.0510,0.4284,3.8804,10.4309,1
20261001_225058,eu,quarto,16,28,1.087,0.0565,0.4356,3.1574,9.7231,1
20261001_225058,eu,quarto,16,29,1.106,0.0604,0.4359,4.6459,9.8596,1
20261001_225058,eu,quarto,16,30,1.135,0.0529,0.4286,5.9105,11.2960,1
20261001_225058,eu,quarto,16,31,1.154,0.0563,0.4220,7.1790,11.4757,1
20261001_225058,eu,quarto,16,32,1.200,0.1403,0.4441,7.2395,10.3518,1
20261001_225058,eu,quarto,16,33,1.218,0.1064,0.4599,5.6986,11.0900,1
20261001_225058,eu,quarto,16,34,1.263,0.1574,0.4372,7.4792,10.4559,1
20261001_225058,eu,quarto,16,35,1.282,0.1564,0.4528,6.8064,11.2431,1
20261001_225058,eu,quarto,16,36,1.328,0.1903,0.4525,10.4904,10.5016,1
20261001_225058,eu,quarto,16,37,1.375,0.1769,0.4621,9.8233,11.1808,1
20261001_225058,eu,quarto,16,38,1.395,0.1638,0.4467,9.1304,11.1528,1
20261001_225058,eu,quarto,16,39,1.440,0.1675,0.4700,11.5531,11.1228,1
20261001_225058,eu,quarto,16,40,1.458,0.1695,0.4698,9.5103,12.5672,1
20261001_225058,eu,quarto,16,41,1.504,0.1782,0.4766,10.3515,11.2013,1
20261001_225058,eu,quarto,16,42,1.523,0.1504,0.4920,8.7229,11.8383,1
20261001_225058,eu,quarto,16,43,1.568,0.1728,0.4849,9.9379,11.7522,1
20261001_225058,eu,quarto,16,44,1.586,0.1426,0.4770,8.5333,12.8641,1
20261001_225058,eu,quarto,16,45,1.616,0.1868,0.4582,10.1344,11.4345,1
20261001_225058,eu,quarto,16,46,1.635,0.1737,0.4941,10.0267,12.8258,1
20261001_225058,eu,quarto,16,47,1.680,0.1815,0.4711,9.6326,11.6762,1
20261001_225058,eu,quarto,16,48,1.744,0.1789,0.4588,8.2356,11.1262,1
20261001_225058,eu,quarto,16,49,1.763,0.1641,0.4408,9.6653,13.5763,1
20261001_225058,eu,quarto,16,50,1.808,0.1732,0.4655,9.9776,11.2942,1
20261001_225058,eu,quarto,16,51,1.827,0.1765,0.4731,10.7039,12.4103,1
20261001_225058,eu,quarto,16,52,1.856,0.1690,0.4599,9.7373,11.7162,1
20261001_225058,eu,quarto,16,53,1.875,0.1669,0.4739,11.3395,12.7975,1
20261001_225058,eu,quarto,16,54,1.920,0.1858,0.4868,11.4450,11.5403,1
20261001_225058,eu,quarto,16,55,1.984,0.1800,0.4692,10.6731,12.1467,1
20261001_225058,eu,quarto,16,56,2.003,0.1800,0.4463,7.8805,13.8913,1
20261001_225058,eu,quarto,16,57,2.048,0.1721,0.4577,9.3435,11.2242,1
20261001_225058,eu,quarto,16,58,2.066,0.1672,0.4529,9.0029,12.1665,1
20261001_225058,eu,quarto,16,59,2.095,0.1465,0.4572,7.6507,11.2869,1
20261001_225058,eu,quarto,16,60,2.114,0.1751,0.4571,7.6183,11.5348,1
20261001_225058,eu,quarto,16,61,2.159,0.1555,0.4419,5.3006,10.5793,1
20261001_225058,eu,quarto,16,62,2.223,0.0425,0.4471,5.9077,8.3748,1
20261001_225058,eu,quarto,16,63,2.242,0.0310,0.4244,4.3362,9.0683,1
20261001_225058,eu,quarto,16,64,2.287,0.0339,0.4119,1.7359,4.5040,1
20261001_225058,eu,quarto,16,65,2.306,0.0383,0.4394,3.5643,6.3585,1
20261001_225058,eu,quarto,16,66,2.352,0.0472,0.3887,0.4051,2.7515,1
20261001_225058,eu,quarto,16,67,2.371,0.0486,0.4066,-1.2129,1.7999,1
20261001_225058,eu,quarto,16,68,2.400,0.0541,0.4050,-6.4799,-1.9318,1
20261001_225058,eu,quarto,16,69,2.419,0.0614,0.3976,-6.6997,-0.0566,1
20261001_225058,eu,quarto,16,70,2.464,0.0467,0.3942,-7.4633,-1.0278,1
20261001_225058,eu,quarto,16,71,2.483,0.0451,0.3940,-7.7179,-2.4622,1
20261001_225058,eu,quarto,16,72,2.528,0.0492,0.3946,-7.9036,-3.7386,1
20261001_225058,eu,quarto,16,73,2.592,0.0373,0.3905,-7.0797,-5.0000,1
20261001_225058,eu,quarto,16,74,2.611,0.0488,0.3814,-7.7788,-7.0122,1
20261001_225058,eu,quarto,16,75,2.640,0.0597,0.4066,-9.7442,-4.5883,1
20261001_225058,eu,quarto,16,76,2.659,0.0506,0.3881,-8.9069,-7.2860,1
20261001_225058,eu,quarto,16,77,2.699,0.0525,0.4024,-8.7190,-5.2106,1
20261001_225058,eu,quarto,16,78,2.718,0.0614,0.4022,-7.7399,-7.5525,1
20261001_225058,eu,quarto,16,79,2.769,0.0525,0.3650,-7.4338,-8.1933,1
20261001_225058,eu,quarto,16,80,2.788,0.0458,0.3715,-9.6054,-7.3006,1
20261001_225058,eu,quarto,16,81,2.832,0.0484,0.3671,-10.4881,-7.8610,1
20261001_225058,eu,quarto,16,82,2.850,0.0444,0.3893,-8.7103,-8.0275,1
20261001_225058,eu,quarto,16,83,2.880,0.0502,0.3551,-9.2464,-7.9465,1
20261001_225058,eu,quarto,16,84,2.944,0.0485,0.3635,-9.1618,-10.5577,1
20261001_225058,eu,quarto,16,85,2.963,0.0516,0.3617,-8.1490,-11.2451,1
20261001_225058,eu,quarto,16,86,3.008,0.0527,0.3398,-6.3147,-9.8706,1
20261001_225058,eu,quarto,17,0,0.220,0.0481,0.4053,-5.6803,-9.4298,1
20261001_225058,eu,quarto,17,1,0.236,0.0466,0.3973,-4.5396,-12.5780,1
20261001_225058,eu,quarto,17,2,0.255,0.0611,0.3893,-1.7805,-13.8434,1
20261001_225058,eu,quarto,17,3,0.273,0.0626,0.3894,-4.4635,-11.8791,1
20261001_225058,eu,quarto,17,4,0.291,0.0561,0.3883,-3.8204,-13.8527,1
20261001_225058,eu,quarto,17,5,0.310,0.0845,0.3628,-1.4492,-18.8054,1
20261001_225058,eu,quarto,17,6,0.328,0.0920,0.3205,-3.5762,-18.6659,1
20261001_225058,eu,quarto,17,7,0.352,0.0932,0.3314,0.6867,-16.3960,1
20261001_225058,eu,quarto,17,8,0.370,0.1319,0.3099,0.2324,-17.6726,1
20261001_225058,eu,quarto,17,9,0.416,0.0616,0.3801,-3.0788,-12.2662,1
20261001_225058,eu,quarto,17,10,0.481,0.0793,0.3625,-4.3904,-12.7900,1
20261001_225058,eu,quarto,17,11,0.500,0.0770,0.3735,-2.8741,-15.8345,1
20261001_225058,eu,quarto,17,12,0.546,0.0833,0.3753,-3.8825,-16.2588,1
20261001_225058,eu,quarto,17,13,0.564,0.0858,0.3540,-2.8572,-18.4974,1
20261001_225058,eu,quarto,17,14,0.591,0.0948,0.3306,-2.2011,-20.4466,1
20261001_225058,eu,quarto,17,15,0.609,0.0976,0.3180,-2.6367,-20.8337,1
20261001_225058,eu,quarto,17,16,0.657,0.1141,0.3149,-2.8615,-22.6694,1
20261001_225058,eu,quarto,17,17,0.676,0.1067,0.3063,-0.0394,-24.3591,1
20261001_225058,eu,quarto,17,18,0.720,0.1333,0.2579,-1.7803,-27.7745,1
20261001_225058,eu,quarto,17,19,0.784,0.1246,0.2460,-1.8549,-30.6091,1
20261001_225058,eu,quarto,17,20,0.803,0.1307,0.2417,-1.8758,-29.7027,1
20261001_225058,eu,quarto,17,21,0.849,0.1346,0.2791,-0.3555,-32.0981,1
20261001_225058,eu,quarto,17,22,0.867,0.1358,0.2838,-0.5361,-32.4965,1
20261001_225058,eu,quarto,17,23,0.897,0.1234,0.2588,-0.9363,-32.7857,1
20261001_225058,eu,quarto,17,24,0.915,0.1355,0.2597,-0.0894,-33.7459,1
20261001_225058,eu,quarto,17,25,0.961,0.1464,0.2587,1.0212,-32.1362,1
20261001_225058,eu,quarto,17,26,0.980,0.1439,0.2583,0.7836,-33.0171,1
20261001_225058,eu,quarto,17,27,1.024,0.1473,0.2512,1.4616,-32.5550,1
20261001_225058,eu,quarto,17,28,1.043,0.1324,0.2264,1.5961,-31.3203,1
20261001_225058,eu,quarto,17,29,1.089,0.1432,0.2815,3.6793,-30.2251,1
20261001_225058,eu,quarto,17,30,1.136,0.1389,0.2767,3.8541,-29.0160,1
20261001_225058,eu,quarto,17,31,1.155,0.1370,0.2684,3.6689,-28.6236,1
20261001_225058,eu,quarto,17,32,1.201,0.1198,0.2827,5.8565,-27.6999,1
20261001_225058,eu,quarto,17,33,1.220,0.1240,0.2824,6.5817,-28.2509,1
20261001_225058,eu,quarto,17,34,1.264,0.1246,0.2921,7.2715,-27.1493,1
20261001_225058,eu,quarto,17,35,1.283,0.1270,0.2863,7.7676,-26.5231,1
20261001_225058,eu,quarto,17,36,1.330,0.1252,0.2743,10.0697,-27.7115,1
20261001_225058,eu,quarto,17,37,1.348,0.1266,0.2769,10.0164,-25.5616,1
20261001_225058,eu,quarto,17,38,1.376,0.1159,0.3135,11.1140,-25.9844,1
20261001_225058,eu,quarto,17,39,1.394,0.1190,0.2996,11.0919,-26.2058,1
20261001_225058,eu,quarto,17,40,1.440,0.1068,0.3368,14.9974,-22.6178,1
20261001_225058,eu,quarto,17,41,1.504,0.1136,0.3537,15.8201,-21.2957,1
20261001_225058,eu,quarto,17,42,1.523,0.1074,0.3515,16.0593,-21.3605,1
20261001_225058,eu,quarto,17,43,1.568,0.1061,0.3617,17.2715,-19.6721,1
20261001_225058,eu,quarto,17,44,1.587,0.0992,0.3565,16.7534,-20.1201,1
20261001_225058,eu,quarto,17,45,1.616,0.1131,0.3742,17.9684,-18.5016,1
20261001_225058,eu,quarto,17,46,1.635,0.0935,0.3908,19.4912,-18.1958,1
20261001_225058,eu,quarto,17,47,1.680,0.0975,0.3908,19.8978,-15.2381,1
20261001_225058,eu,quarto,17,48,1.744,0.1034,0.4299,20.8501,-13.8643,1
20261001_225058,eu,quarto,17,49,1.763,0.1028,0.4363,20.4290,-12.8227,1
20261001_225058,eu,quarto,17,50,1.808,0.1090,0.4783,20.4505,-12.5585,1
20261001_225058,eu,quarto,17,51,1.827,0.1074,0.4830,21.1665,-12.9441,1
20261001_225058,eu,quarto,17,52,1.856,0.1172,0.5510,22.4516,-8.9843,1
20261001_225058,eu,quarto,17,53,1.875,0.1261,0.5669,22.9050,-9.2951,1
20261001_225058,eu,quarto,17,54,1.920,0.1393,0.4868,22.2161,-8.1777,1
20261001_225058,eu,quarto,17,55,1.984,0.1364,0.5131,21.0845,-7.9264,1
20261001_225058,eu,quarto,17,56,2.003,0.1328,0.4906,19.1020,-8.1505,1
20261001_225058,eu,quarto,17,57,2.048,0.1290,0.4867,20.9274,-5.3659,1
20261001_225058,eu,quarto,17,58,2.068,0.1371,0.4797,19.4644,-6.9171,1
20261001_225058,eu,quarto,17,59,2.096,0.1387,0.5103,19.4019,-4.1081,1
20261001_225058,eu,quarto,17,60,2.114,0.1385,0.5172,18.8971,-4.6234,1
20261001_225058,eu,quarto,17,61,2.160,0.1624,0.5004,17.2737,-2.1978,1
20261001_225058,eu,quarto,17,62,2.179,0.1596,0.5232,16.0579,-1.7024,1
20261001_225058,eu,quarto,17,63,2.224,0.1436,0.5148,13.9262,-2.0816,1
20261001_225058,eu,quarto,17,64,2.243,0.1599,0.5297,16.6911,-1.6110,1
20261001_225058,eu,quarto,17,65,2.289,0.1395,0.5378,12.4673,-0.7704,1
20261001_225058,eu,quarto,17,66,2.352,0.1295,0.4918,12.6012,-0.1843,1
20261001_225058,eu,quarto,17,67,2.372,0.1181,0.5226,9.9892,-0.7078,1
20261001_225058,eu,quarto,17,68,2.400,0.1020,0.4996,9.9186,0.1846,1
20261001_225058,eu,quarto,17,69,2.418,0.0930,0.5226,10.4556,0.4838,1
20261001_225058,eu,quarto,17,70,2.464,0.1111,0.4992,12.9930,1.5625,1
20261001_225058,eu,quarto,17,71,2.482,0.0987,0.5140,10.2900,1.0580,1
20261001_225058,eu,quarto,17,72,2.528,0.0974,0.5217,12.8107,3.2311,1
20261001_225058,eu,quarto,17,73,2.547,0.1000,0.5001,11.2303,3.7569,1
20261001_225058,eu,quarto,17,74,2.592,0.0858,0.5205,14.0714,3.8303,1
20261001_225058,eu,quarto,17,75,2.611,0.0784,0.5283,12.8844,4.3381,1
20261001_225058,eu,quarto,17,76,2.640,0.0734,0.5282,14.5622,6.4310,1
20261001_225058,eu,quarto,17,77,2.659,0.0560,0.5208,13.6456,5.6184,1
20261001_225058,eu,quarto,17,78,2.704,0.0293,0.4866,11.3999,9.2362,1
20261001_225058,eu,quarto,17,79,2.768,0.0272,0.4262,13.2759,10.6267,1
20261001_225058,eu,quarto,17,80,2.787,0.0369,0.4063,11.4316,9.6195,1
20261001_225058,eu,quarto,17,81,2.833,0.0237,0.4000,12.7954,13.6734,1
20261001_225058,eu,quarto,17,82,2.851,0.0313,0.4063,12.7529,12.5070,1
20261001_225058,eu,quarto,17,83,2.880,0.0294,0.4114,11.8051,16.0923,1
20261001_225058,eu,quarto,17,84,2.899,0.0294,0.4283,11.8583,15.6786,1
20261001_225058,eu,quarto,17,85,2.945,0.0480,0.4101,11.1047,16.5158,1
20261001_225058,eu,quarto,17,86,3.009,0.0431,0.3996,10.9920,15.1165,1
20261001_225058,eu,quarto,18,0,0.220,0.0369,0.3801,5.6665,12.8411,1
20261001_225058,eu,quarto,18,1,0.236,0.0310,0.3986,7.1461,13.0524,1
20261001_225058,eu,quarto,18,2,0.255,0.0415,0.3496,5.1619,10.8984,1
20261001_225058,eu,quarto,18,3,0.273,0.0450,0.3707,2.7623,6.6721,1
20261001_225058,eu,quarto,18,4,0.291,0.0430,0.3778,1.5030,6.8223,1
20261001_225058,eu,quarto,18,5,0.310,0.0372,0.3703,-1.8342,3.1565,1
20261001_225058,eu,quarto,18,6,0.328,0.0496,0.3804,-0.6767,4.5166,1
20261001_225058,eu,quarto,18,7,0.351,0.0592,0.3614,-4.3050,-1.0923,1
20261001_225058,eu,quarto,18,8,0.370,0.0486,0.3709,-5.1357,0.6111,1
20261001_225058,eu,quarto,18,9,0.414,0.0476,0.3459,-10.1379,-5.2466,1
20261001_225058,eu,quarto,18,10,0.433,0.0601,0.3773,-7.3119,-5.7393,1
20261001_225058,eu,quarto,18,11,0.480,0.0635,0.3492,-33.2691,-9.9999,1
20261001_225058,eu,quarto,18,12,0.543,0.0877,0.4180,-40.6116,-11.2436,1
20261001_225058,eu,quarto,18,13,0.562,0.0813,0.3978,-39.4593,-11.9011,1
20261001_225058,eu,quarto,18,14,0.592,0.1032,0.4236,-46.0473,-21.0315,1
20261001_225058,eu,quarto,18,15,0.611,0.1066,0.4046,-45.5819,-17.6902,1
20261001_225058,eu,quarto,18,16,0.655,0.1691,0.4708,-53.0783,-21.5197,1
20261001_225058,eu,quarto,18,17,0.674,0.1617,0.5040,-54.1557,-23.6897,1
20261001_225058,eu,quarto,18,18,0.720,0.2087,0.4687,-58.4748,-30.9623,1
20261001_225058,eu,quarto,18,19,0.740,0.2164,0.4681,69.0642,42.5817,1
20261001_225058,eu,quarto,18,20,0.784,0.2139,0.4761,-62.0729,-31.8350,1
20261001_225058,eu,quarto,18,21,0.802,0.2295,0.4750,-61.7385,-32.4486,1
20261001_225058,eu,quarto,18,22,0.849,0.3354,0.5195,-67.0726,-38.1134,1
20261001_225058,eu,quarto,18,23,0.868,0.3707,0.5180,-29.2258,-11.2549,1
20261001_225058,eu,quarto,18,24,0.895,0.3426,0.5420,-67.3596,-44.9094,1
20261001_225058,eu,quarto,18,25,0.960,0.3171,0.5389,-32.1604,92.6339,1
20261001_225058,eu,quarto,18,26,0.978,0.3088,0.5201,-43.3884,-9.9589,1
20261001_225058,eu,quarto,18,27,1.024,0.3381,0.4882,71.9493,47.6155,1
20261001_225058,eu,quarto,18,28,1.042,0.3546,0.4853,71.1534,47.2895,1
20261001_225058,eu,quarto,18,29,1.088,0.3887,0.5035,71.5700,46.7635,1
20261001_225058,eu,quarto,18,30,1.107,0.3433,0.5039,72.2914,48.8973,1
20261001_225058,eu,quarto,18,31,1.137,0.3571,0.5613,71.8248,47.4136,1
20261001_225058,eu,quarto,18,32,1.156,0.3971,0.5352,70.8984,44.7902,1
20261001_225058,eu,quarto,18,33,1.200,0.3088,0.4946,71.1623,47.4441,1
20261001_225058,eu,quarto,18,34,1.286,0.1840,0.4537,-60.4201,-36.6450,1
20261001_225058,eu,quarto,18,35,1.328,0.2772,0.5811,72.0273,46.7036,1
20261001_225058,eu,quarto,18,36,1.346,0.2925,0.5466,71.0061,47.3364,1
20261001_225058,eu,quarto,18,37,1.375,0.2822,0.5708,71.5990,48.4438,1
20261001_225058,eu,quarto,18,38,1.441,0.1679,0.4712,-40.9057,-12.8003,1
20261001_225058,eu,quarto,18,39,1.505,0.2949,0.5302,71.8625,46.2393,1
20261001_225058,eu,quarto,18,40,1.523,0.3325,0.5217,-66.0257,-49.0451,1
20261001_225058,eu,quarto,18,41,1.568,0.2426,0.5511,71.0838,46.8167,1
20261001_225058,eu,quarto,18,42,1.617,0.1669,0.4361,-55.9972,-29.8294,1
20261001_225058,eu,quarto,18,43,1.636,0.2791,0.5064,70.7943,47.5251,1
20261001_225058,eu,quarto,18,44,1.679,0.3485,0.4802,-66.4295,-51.2267,1
20261001_225058,eu,quarto,18,45,1.743,0.2965,0.5338,70.5941,46.4987,1
20261001_225058,eu,quarto,18,46,1.811,0.1732,0.4441,-60.3062,-27.2989,1
20261001_225058,eu,quarto,18,47,1.829,0.2801,0.4801,-18.6030,-8.3809,1
20261001_225058,eu,quarto,18,48,1.855,0.3587,0.4809,-64.4156,-53.1972,1
20261001_225058,eu,quarto,18,49,1.922,0.1176,0.4305,71.7218,48.5957,1
20261001_225058,eu,quarto,18,50,1.941,0.2506,0.4538,71.3160,45.8265,1
20261001_225058,eu,quarto,18,51,1.983,0.2338,0.5227,-12.6420,-23.6130,1
20261001_225058,eu,quarto,18,52,2.002,0.2718,0.5198,-38.8499,-13.9866,1
20261001_225058,eu,quarto,18,53,2.047,0.2508,0.5655,-64.8618,-48.8510,1
20261001_225058,eu,quarto,18,54,2.066,0.2534,0.5439,-64.1412,-43.3064,1
20261001_225058,eu,quarto,18,55,2.095,0.2755,0.5039,-63.4865,-41.0077,1
20261001_225058,eu,quarto,18,56,2.159,0.1793,0.4839,-22.1970,-22.7181,1
20261001_225058,eu,quarto,18,57,2.178,0.1959,0.4711,70.6973,41.7509,1
20261001_225058,eu,quarto,18,58,2.221,0.1431,0.4387,-22.9577,-20.9955,1
20261001_225058,eu,quarto,18,59,2.240,0.1596,0.3977,71.3511,44.6887,1
20261001_225058,eu,quarto,18,60,2.287,0.1149,0.3569,-17.1290,-21.7180,1
20261001_225058,eu,quarto,18,61,2.306,0.1438,0.3771,67.9718,38.5608,1
20261001_225058,eu,quarto,18,62,2.351,0.1765,0.3625,-34.0560,-24.9916,1
20261001_225058,eu,quarto,18,63,2.370,0.1719,0.3272,-34.7094,-29.9528,1
20261001_225058,eu,quarto,18,64,2.399,0.1742,0.3990,-16.1875,-14.1270,1
20261001_225058,eu,quarto,18,65,2.418,0.1727,0.3327,-35.3347,-25.5835,1
20261001_225058,eu,quarto,18,66,2.464,0.1538,0.3945,-14.1034,-14.6610,1
20261001_225058,eu,quarto,18,67,2.528,0.2130,0.5088,-16.5655,-13.2366,1
20261001_225058,eu,quarto,18,68,2.547,0.2229,0.4918,-16.9731,-10.3465,1
20261001_225058,eu,quarto,18,69,2.592,0.2443,0.4911,-19.2636,-9.3706,1
20261001_225058,eu,quarto,18,70,2.611,0.2400,0.6223,-16.8880,-7.5344,1
20261001_225058,eu,quarto,18,71,2.640,0.1513,0.9583,-12.9105,-8.1691,1
20261001_225058,eu,quarto,18,72,2.659,0.1626,0.9464,-13.0327,-6.8948,1
20261001_225058,eu,quarto,18,73,2.704,0.0750,1.0963,-3.8293,-2.4045,1
20261001_225058,eu,quarto,18,74,2.768,0.0423,1.1181,-1.2755,2.2485,1
20261001_225058,eu,quarto,18,75,2.787,0.0373,1.1381,-0.1769,1.9819,1
20261001_225058,eu,quarto,18,76,2.831,0.0418,1.1361,2.4457,8.0115,1
20261001_225058,eu,quarto,18,77,2.850,0.0361,1.1169,3.1033,6.7477,1
20261001_225058,eu,quarto,18,78,2.879,0.0476,1.0934,5.0042,9.2627,1
20261001_225058,eu,quarto,18,79,2.898,0.0479,1.0589,5.4777,7.7074,1
20261001_225058,eu,quarto,18,80,2.943,0.0716,1.1337,5.5866,11.8557,1
20261001_225058,eu,quarto,18,81,3.004,0.0417,1.1270,6.1021,15.6527,1
20261001_225058,eu,quarto,19,0,0.220,0.0797,1.2242,1.4040,15.4375,1
20261001_225058,eu,quarto,19,1,0.244,0.0782,1.2935,3.6590,16.8617,1
20261001_225058,eu,quarto,19,2,0.262,0.0668,1.2615,3.1716,16.6050,1
20261001_225058,eu,quarto,19,3,0.308,0.0855,1.3959,1.7296,15.5160,1
20261001_225058,eu,quarto,19,4,0.355,0.0843,1.4998,-2.1481,14.6988,1
20261001_225058,eu,quarto,19,5,0.374,0.0790,1.4653,2.8125,14.2905,1
20261001_225058,eu,quarto,19,6,0.419,0.0878,1.5843,-7.3359,12.2010,1
20261001_225058,eu,quarto,19,7,0.438,0.0964,1.5348,-1.4434,16.1519,1
20261001_225058,eu,quarto,19,8,0.484,0.0841,1.4689,-41.9665,4.4038,1
20261001_225058,eu,quarto,19,9,0.502,0.0631,1.5612,-0.4552,12.8579,1
20261001_225058,eu,quarto,19,10,0.548,0.1001,1.5856,-8.0258,10.6221,1
20261001_225058,eu,quarto,19,11,0.566,0.0783,1.5092,-2.3778,12.7992,1
20261001_225058,eu,quarto,19,12,0.595,0.0951,1.5659,-6.0852,13.6458,1
20261001_225058,eu,quarto,19,13,0.614,0.0701,1.5244,-4.4306,12.8852,1
20261001_225058,eu,quarto,19,14,0.661,0.0809,1.5951,-6.0164,14.3469,1
20261001_225058,eu,quarto,19,15,0.724,0.0550,1.5527,-4.7105,13.1469,1
20261001_225058,eu,quarto,19,16,0.743,0.0768,1.5726,-8.8719,10.3817,1
20261001_225058,eu,quarto,19,17,0.788,0.0938,1.5393,-9.7977,10.3545,1
20261001_225058,eu,quarto,19,18,0.807,0.1050,1.5273,-9.7977,10.3545,1
20261001_225058,eu,quarto,19,19,0.836,0.0651,1.4960,-6.2931,11.3762,1
20261001_225058,eu,quarto,19,20,0.854,0.0634,1.5367,-3.6872,12.9763,1
20261001_225058,eu,quarto,19,21,0.901,0.0923,1.5276,-2.9022,5.2775,1
20261001_225058,eu,quarto,19,22,0.920,0.0919,1.3899,-3.3118,13.9887,1
20261001_225058,eu,quarto,19,23,0.964,0.0817,1.5161,1.1864,14.1797,1
20261001_225058,eu,quarto,19,24,1.024,0.0692,1.4803,0.8286,15.2567,1
20261001_225058,eu,quarto,19,25,1.043,0.0647,1.5324,-0.0365,13.9564,1
20261001_225058,eu,quarto,19,26,1.092,0.0523,1.5778,-2.9785,13.2202,1
20261001_225058,eu,quarto,19,27,1.110,0.0652,1.5860,-2.8675,13.4652,1
20261001_225058,eu,quarto,19,28,1.140,0.0789,1.5625,0.9355,14.4319,1
20261001_225058,eu,quarto,19,29,1.159,0.0684,1.5251,-0.8156,13.9496,1
20261001_225058,eu,quarto,19,30,1.204,0.0696,1.4600,-2.8666,15.4019,1
20261001_225058,eu,quarto,19,31,1.268,0.0721,1.4724,-1.6014,15.9215,1
20261001_225058,eu,quarto,19,32,1.287,0.0746,1.5556,-1.8617,14.3585,1
20261001_225058,eu,quarto,19,33,1.332,0.0620,1.4744,0.7779,15.1657,1
20261001_225058,eu,quarto,19,34,1.350,0.0669,1.4726,-39.6540,4.4834,1
20261001_225058,eu,quarto,19,35,1.379,0.0531,1.4852,0.0272,15.7415,1
20261001_225058,eu,quarto,19,36,1.399,0.0713,1.4930,-1.5540,14.9748,1
20261001_225058,eu,quarto,19,37,1.445,0.0800,1.4180,1.4775,14.5425,1
20261001_225058,eu,quarto,19,38,1.463,0.0713,1.4524,-0.8937,11.8318,1
20261001_225058,eu,quarto,19,39,1.507,0.0706,1.3709,1.7137,15.3279,1
20261001_225058,eu,quarto,19,40,1.572,0.0671,1.3289,1.2061,16.3759,1
20261001_225058,eu,quarto,19,41,1.590,0.0678,1.3104,1.8572,16.2088,1
20261001_225058,eu,quarto,19,42,1.620,0.0986,1.3257,2.8846,16.9552,1
20261001_225058,eu,quarto,19,43,1.638,0.0792,1.3826,1.9269,16.3721,1
20261001_225058,eu,quarto,19,44,1.683,0.1134,1.3437,3.6902,17.1550,1
20261001_225058,eu,quarto,19,45,1.702,0.1057,1.3198,2.5156,17.1403,1
20261001_225058,eu,quarto,19,46,1.747,0.0866,1.2408,3.8759,17.2167,1
20261001_225058,eu,quarto,19,47,1.766,0.1138,1.1934,3.9165,17.8210,1
20261001_225058,eu,quarto,19,48,1.811,0.0294,1.1670,5.3531,18.1833,1
20261001_225058,eu,quarto,19,49,1.830,0.0579,1.1762,4.5078,16.2013,1
20261001_225058,eu,quarto,19,50,1.859,0.0185,1.0467,6.3790,15.5420,1
20261001_225058,eu,quarto,19,51,1.923,0.0264,1.0779,7.2048,13.4612,1
20261001_225058,eu,quarto,19,52,1.942,0.0285,1.1117,4.4143,13.5713,1
20261001_225058,eu,quarto,19,53,1.987,0.0529,1.0730,3.3062,12.2195,1
20261001_225058,eu,quarto,19,54,2.006,0.0439,1.1029,2.8347,12.6190,1
20261001_225058,eu,quarto,19,55,2.051,0.0787,1.1136,1.9339,12.5277,1
20261001_225058,eu,quarto,19,56,2.070,0.1060,1.0798,-2.7809,10.4490,1
20261001_225058,eu,quarto,19,57,2.100,0.0989,1.1524,-3.6940,9.3929,1
20261001_225058,eu,quarto,19,58,2.118,0.1363,1.1583,-4.0876,10.5487,1
20261001_225058,eu,quarto,19,59,2.163,0.1266,1.0328,-6.2023,11.1928,1
20261001_225058,eu,quarto,19,60,2.228,0.1486,1.0311,-10.0916,10.6961,1
20261001_225058,eu,quarto,19,61,2.246,0.1588,1.0754,-9.7100,11.8857,1
20261001_225058,eu,quarto,19,62,2.291,0.1392,1.1193,-8.5840,10.4156,1
20261001_225058,eu,quarto,19,63,2.310,0.1392,1.1071,-8.6649,10.4653,1
20261001_225058,eu,quarto,19,64,2.339,0.1552,0.9500,-7.0222,11.5313,1
20261001_225058,eu,quarto,19,65,2.358,0.1486,0.9491,-7.7317,11.5867,1
20261001_225058,eu,quarto,19,66,2.403,0.1388,1.0206,-9.0717,9.0714,1
20261001_225058,eu,quarto,19,67,2.422,0.1319,1.0787,-8.8070,10.2209,1
20261001_225058,eu,quarto,19,68,2.468,0.1216,1.0348,-8.2812,9.0418,1
20261001_225058,eu,quarto,19,69,2.531,0.1199,0.9860,-9.5293,8.9802,1
20261001_225058,eu,quarto,19,70,2.550,0.1338,1.0531,-8.7738,8.5258,1
20261001_225058,eu,quarto,19,71,2.595,0.1274,0.9806,-8.9922,9.0647,1
20261001_225058,eu,quarto,19,72,2.614,0.1304,1.0926,-9.5714,9.4840,1
20261001_225058,eu,quarto,19,73,2.643,0.1369,1.1671,-9.2856,6.4687,1
20261001_225058,eu,quarto,19,74,2.662,0.1301,1.2102,-7.6103,5.6762,1
20261001_225058,eu,quarto,19,75,2.706,0.1053,0.9162,3.3377,-4.9046,1
20261001_225058,eu,quarto,19,76,2.771,0.1435,0.7232,11.9776,-11.3750,1
20261001_225058,eu,quarto,19,77,2.790,0.1480,0.7823,14.6512,-11.8086,1
20261001_225058,eu,quarto,19,78,2.834,0.1897,0.6091,8.1646,-15.1577,1
20261001_225058,eu,quarto,19,79,2.853,0.1755,0.7019,9.7525,-17.6096,1
20261001_225058,eu,quarto,19,80,2.882,0.1773,0.5324,8.7270,-21.0833,1
20261001_225058,eu,quarto,19,81,2.902,0.1746,0.5087,10.1315,-20.1087,1
20261001_225058,eu,quarto,19,82,2.946,0.1750,0.3573,7.9072,-18.2762,1
20261001_225058,eu,quarto,19,83,2.965,0.1896,0.3816,3.0144,-19.3857,1
20261001_225058,eu,quarto,19,84,3.011,0.2079,0.4137,8.7261,-20.3792,1
